pop	gen	nfe	initnfe	lsnfe	rmnfe	bmnfe	successes
70	105.5	118484.5	70.0	7000.0	38458.5	72956.0	2
100	89.8	187128.1	100.0	10000.0	52267.9	124760.2	10
105	61.6	137923.2	104.0	10400.0	34003.4	93415.8	10
110	75.7	185763.0	110.0	11000.0	48415.2	126237.8	10
115	66.2	179997.4	114.0	11400.0	42087.2	126396.2	10
120	48.7	152132.6	120.0	12000.0	32242.2	107770.4	10
121	56.2	169697.4	120.0	12000.0	37645.2	119932.2	10
122	63.7	194665.5	122.0	12200.0	45350.9	136992.6	10
123	54.22222222222222	167057.55555555556	122.0	12200.0	39719.333333333336	115016.22222222222	9
124	58.2	185144.7	124.0	12400.0	41318.6	131302.1	10
125	40.2	134109.5	124.0	12400.0	26341.4	95244.1	10
126	54.3	176722.7	126.0	12600.0	38428.5	125568.2	10
127	55.1	181709.2	126.0	12600.0	40457.1	128526.1	10
128	37.0	134811.2	128.0	12800.0	25901.6	95981.6	10
129	40.5	144867.4	128.0	12800.0	28172.8	103766.6	10
130	41.7	151546.0	130.0	13000.0	29665.8	108750.2	10
135	52.6	191069.8	134.0	13400.0	39370.6	138165.2	10
140	42.1	172848.1	140.0	14000.0	33276.2	125431.9	10
145	39.0	173640.1	144.0	14400.0	33091.7	126004.4	10
150	36.0	169875.5	150.0	15000.0	30012.7	124712.8	10
155	44.8	212648.7	154.0	15400.0	39635.4	157459.3	10
160	33.5	183894.7	160.0	16000.0	30178.8	137555.9	10
190	45.1	306716.4	190.0	19000.0	51518.4	236008.0	10
