pop	gen	nfe	initnfe	lsnfe	rmnfe	bmnfe	successes
40	140.33333333333334	63271.666666666664	40.0	4000.0	26873.666666666668	32358.0	6
70	91.28571428571429	102751.57142857143	70.0	7000.0	29590.714285714286	66090.85714285714	7
100	74.8	156661.3	100.0	10000.0	37986.0	108575.3	10
101	54.0	117017.6	100.0	10000.0	26218.1	80699.5	10
102	52.6	119277.2	102.0	10200.0	24989.0	83986.2	10
103	42.8	100461.2	102.0	10200.0	19832.0	70327.2	10
104	62.6	140748.2	104.0	10400.0	30356.2	99888.0	10
105	38.9	95641.1	104.0	10400.0	18573.9	66563.2	10
106	62.8	145790.6	106.0	10600.0	32380.2	102704.4	10
107	56.1	132841.7	106.0	10600.0	29168.3	92967.4	10
108	50.8	123603.0	108.0	10800.0	25489.1	87205.9	10
109	61.2	147492.8	108.0	10800.0	31415.1	105169.7	10
110	48.1	124402.7	110.0	11000.0	25226.2	88066.5	10
115	38.5	107445.7	114.0	11400.0	20661.7	75270.0	10
120	43.4	134461.5	120.0	12000.0	25655.6	96685.9	10
125	42.8	139991.4	124.0	12400.0	25778.1	101689.3	10
130	44.6	155328.3	130.0	13000.0	28344.2	113854.1	10
135	38.3	145215.6	134.0	13400.0	25065.0	106616.6	10
140	33.0	137022.5	140.0	14000.0	22506.4	100376.1	10
145	32.6	144699.2	144.0	14400.0	23130.6	107024.6	10
150	38.9	180410.1	150.0	15000.0	29243.2	136016.9	10
155	36.1	174902.9	154.0	15400.0	27141.5	132207.4	10
