pop	gen	nfe	initnfe	lsnfe	rmnfe	bmnfe	successes
105	109.5	235007.5	104.0	10400.0	60328.5	164175.0	2
110	95.44444444444444	236308.77777777778	110.0	11000.0	58622.444444444445	166576.33333333334	9
115	108.55555555555556	280163.8888888889	114.0	11400.0	69868.55555555556	198781.33333333334	9
120	111.4	317965.7	120.0	12000.0	75915.9	229929.8	10
125	129.5	381714.0	124.0	12400.0	94210.75	274979.25	4
126	76.7	251508.2	126.0	12600.0	56148.6	182633.6	10
127	87.66666666666667	277165.0	126.0	12600.0	62594.666666666664	201844.33333333334	3
128	108.7	345180.7	128.0	12800.0	80591.4	251661.3	10
129	116.4	372446.5	128.0	12800.0	88414.4	271104.1	10
130	78.7	268154.1	130.0	13000.0	58113.9	196910.2	10
131	75.16666666666667	254092.0	130.0	13000.0	57239.5	183722.5	6
132	86.0	289873.0	132.0	13200.0	63819.6	212721.4	5
133	64.0	235541.0	132.0	13200.0	48122.0	174087.0	1
135	62.0	213902.0	134.0	13400.0	45364.0	155004.0	1
140	78.3	302221.4	140.0	14000.0	61646.1	226435.3	10
150	98.0	420941.6666666667	150.0	15000.0	87656.33333333333	318135.3333333333	6
155	84.3	381014.3	154.0	15400.0	76013.5	289446.8	10
160	73.0	359978.8	160.0	16000.0	70182.2	273636.6	10
190	45.7	325834.9	190.0	19000.0	51151.1	255493.8	10
220	60.5	539885.8	220.0	22000.0	82271.2	435394.6	10
