pop	gen	nfe	initnfe	lsnfe	rmnfe	bmnfe	successes
70	97.0	112320.16666666667	70.0	7000.0	33629.833333333336	71620.33333333333	6
75	74.6	99940.8	74.0	7400.0	28469.2	63997.6	5
85	70.6	114235.4	84.0	8400.0	28459.4	77292.0	5
95	46.0	99070.0	94.0	9400.0	20779.5	68796.5	2
100	106.8	226561.3	100.0	10000.0	59525.3	156936.0	10
105	94.2	210947.8	104.0	10400.0	51569.1	148874.7	10
110	83.7	213507.8	110.0	11000.0	48910.3	153487.5	10
116	87.6	238227.2	116.0	11600.0	54403.5	172107.7	10
117	60.714285714285715	177409.42857142858	116.0	11600.0	36103.857142857145	129589.57142857143	7
118	66.0	193357.5	118.0	11800.0	39193.166666666664	142246.33333333334	6
119	59.9	175619.6	118.0	11800.0	36008.7	127692.9	10
120	68.3	202937.0	120.0	12000.0	42773.6	148043.4	10
121	45.5	140325.5	120.0	12000.0	27353.25	100852.25	4
122	87.1	265540.1	122.0	12200.0	57685.9	195532.2	10
123	95.22222222222223	284211.77777777775	122.0	12200.0	63052.22222222222	208837.55555555556	9
124	67.7	212177.8	124.0	12400.0	43231.9	156421.9	10
125	65.2	210093.9	124.0	12400.0	41393.7	156176.2	10
130	62.625	217182.5	130.0	13000.0	42091.875	161960.625	8
160	55.9	280797.4	160.0	16000.0	47369.3	217268.1	10
