pop	gen	nfe	initnfe	lsnfe	rmnfe	bmnfe	successes
100	101.0	206990.5	100.0	10000.0	53483.5	143407.0	2
105	112.5	251880.0	104.0	10400.0	66105.75	175270.25	4
106	85.75	212328.375	106.0	10600.0	53284.375	148338.0	8
107	143.0	344296.0	106.0	10600.0	90897.0	242693.0	1
108	98.7	246784.9	108.0	10800.0	62991.9	172885.0	10
109	75.2	193622.8	108.0	10800.0	46065.8	136649.0	5
110	89.9	236292.1	110.0	11000.0	59832.0	165350.1	10
111	81.0	203611.0	110.0	11000.0	50534.0	141967.0	1
112	77.2	210468.2	112.0	11200.0	48909.1	150247.1	10
113	56.5	157192.0	112.0	11200.0	36464.5	109415.5	2
114	86.0	237671.0	114.0	11400.0	55016.0	171141.0	1
115	115.14285714285714	306125.85714285716	114.0	11400.0	78313.42857142857	216298.42857142858	7
130	68.4	244439.1	130.0	13000.0	54122.3	177186.8	10
135	67.5	250401.7	134.0	13400.0	54272.0	182595.7	10
140	68.4	267209.0	140.0	14000.0	54171.9	198897.1	10
145	88.25	367235.75	144.0	14400.0	80047.0	272644.75	4
150	65.9	307971.3	150.0	15000.0	61588.9	231232.4	10
155	55.4	272246.1	154.0	15400.0	50250.0	206442.1	10
160	90.6	437695.4	160.0	16000.0	89523.8	332011.6	10
190	60.6	427475.5	190.0	19000.0	73436.7	334848.8	10
