pop	gen	nfe	initnfe	lsnfe	rmnfe	bmnfe	successes
130	61.0	344698.0	130.0	52000.0	185524.0	107044.0	1
220	28.0	371636.0	220.0	88000.0	115651.0	167765.0	1
250	36.2	514692.2	250.0	100000.0	217329.2	197113.0	5
280	26.0	471959.0	280.0	112000.0	143421.0	216258.0	1
340	23.0	548589.0	340.0	136000.0	162397.0	249852.0	1
370	21.25	579314.25	370.0	148000.0	154190.75	276753.5	4
400	9.5	497104.5	400.0	160000.0	65046.5	271658.0	2
430	36.5	921166.5	430.0	172000.0	395795.5	352941.0	6
465	24.5	810798.0	464.0	185600.0	270301.0	354433.0	2
470	25.571428571428573	853089.5714285715	470.0	188000.0	282052.71428571426	382566.85714285716	7
475	14.0	674508.0	474.0	189600.0	123572.0	360862.0	1
485	28.285714285714285	920745.1428571428	484.0	193600.0	338528.28571428574	388132.85714285716	7
490	25.4	860139.2	490.0	196000.0	281568.6	382080.6	10
495	23.9	862268.5	494.0	197600.0	277484.5	386690.0	10
498	40.1	1164148.2	498.0	199200.0	548790.4	415659.8	10
499	33.7	1004568.8	498.0	199200.0	404978.6	399892.2	10
500	18.7	782928.3	500.0	200000.0	186920.1	395508.2	10
501	15.0	753759.0	500.0	200000.0	144417.0	408842.0	1
503	42.333333333333336	1213146.3333333333	502.0	200800.0	602974.3333333334	408870.0	3
504	19.2	790947.5	504.0	201600.0	198416.0	390427.5	10
505	11.0	682893.0	504.0	201600.0	110329.0	370460.0	1
510	23.7	885597.1	510.0	204000.0	268107.7	412979.4	10
515	15.5	764203.0	514.0	205600.0	149516.5	408572.5	2
