pop	gen	nfe	initnfe	lsnfe	rmnfe	bmnfe	successes
100	68.0	275476.0	100.0	40000.0	146618.0	88758.0	1
130	49.333333333333336	301988.6666666667	130.0	52000.0	144335.66666666666	105523.0	3
220	22.0	338370.0	220.0	88000.0	80423.0	169727.0	1
250	23.5	403014.5	250.0	100000.0	111851.5	190913.0	2
280	34.0	566351.6666666666	280.0	112000.0	224117.66666666666	229954.0	3
310	32.0	612447.5	310.0	124000.0	230493.0	257644.5	4
340	26.5	597826.0	340.0	136000.0	198589.25	262896.75	4
370	28.0	715841.4285714285	370.0	148000.0	271943.5714285714	295527.85714285716	7
375	40.4	914579.2	374.0	149600.0	449801.2	314804.0	10
380	14.0	540279.5	380.0	152000.0	99937.5	287962.0	2
385	29.571428571428573	761122.2857142857	384.0	153600.0	284592.4285714286	322545.85714285716	7
395	28.4	749609.6	394.0	157600.0	261301.4	330314.2	5
396	22.333333333333332	697918.6666666666	396.0	158400.0	216287.0	322835.6666666667	3
397	21.5	655479.6	396.0	158400.0	175621.9	321061.7	10
398	21.3	657953.9	398.0	159200.0	179092.5	319263.4	10
399	18.7	612237.2	398.0	159200.0	144202.8	308436.4	10
400	29.1	798057.6	400.0	160000.0	304815.6	332842.0	10
401	19.2	629827.7	400.0	160000.0	152145.8	317281.9	10
402	21.0	663229.0	402.0	160800.0	176187.0	325840.0	6
403	26.8	779266.2	402.0	160800.0	295313.1	322751.1	10
404	34.6	905126.5	404.0	161600.0	399932.6	343189.9	10
410	56.4	1290196.0	410.0	164000.0	766336.4	359449.6	5
415	46.2	1129912.7	414.0	165600.0	614558.2	349340.5	10
420	33.3	917387.7	420.0	168000.0	384542.7	364425.0	10
425	18.0	636794.0	424.0	169600.0	130751.0	336019.0	1
