pop	gen	nfe	initnfe	lsnfe	rmnfe	bmnfe	successes
70	118.75	329669.25	70.0	28000.0	239677.0	61922.25	4
130	68.0	393626.0	130.0	52000.0	232243.0	109253.0	1
190	55.0	504438.0	190.0	76000.0	264924.5	163323.5	2
250	35.0	504584.0	250.0	100000.0	201506.0	202828.0	1
280	73.5	973562.0	280.0	112000.0	625769.0	235513.0	2
340	43.0	818410.1428571428	340.0	136000.0	401428.4285714286	280641.71428571426	7
370	28.0	653560.0	370.0	148000.0	201798.0	303392.0	1
400	37.75	903074.25	400.0	160000.0	410750.0	331924.25	4
430	19.75	677266.0	430.0	172000.0	165448.25	339387.75	4
460	20.0	755413.5	460.0	184000.0	199992.5	370961.0	2
490	28.375	933558.75	490.0	196000.0	330384.0	406684.75	8
520	14.0	777887.0	520.0	208000.0	122802.0	446565.0	1
550	20.333333333333332	915688.0	550.0	220000.0	238017.16666666666	457120.8333333333	6
555	19.142857142857142	931156.1428571428	554.0	221600.0	255788.7142857143	453213.4285714286	7
557	22.5	966408.8	556.0	222400.0	289550.7	453902.1	10
558	23.4	1003792.3	558.0	223200.0	311527.6	468506.7	10
559	27.8	1085971.1	558.0	223200.0	386671.1	475542.0	10
560	16.3	864030.9	560.0	224000.0	185394.4	454076.5	10
561	18.0	912337.25	560.0	224000.0	217589.0	470188.25	4
562	18.0	891851.7	562.0	224800.0	207980.9	458508.8	10
563	30.2	1194343.5	562.0	224800.0	484814.4	484167.1	10
565	14.666666666666666	820287.6666666666	564.0	225600.0	157273.33333333334	436850.3333333333	3
570	18.5	928900.9	570.0	228000.0	231118.3	469212.6	10
575	12.625	822748.875	574.0	229600.0	140868.75	451706.125	8
580	25.8	1119306.6	580.0	232000.0	396432.5	490294.1	10
585	19.666666666666668	976609.6666666666	584.0	233600.0	247119.0	495306.6666666667	6
590	20.2	993557.3	590.0	236000.0	264529.7	492437.6	10
595	21.6	1020273.9	594.0	237600.0	296591.5	485488.4	10
600	16.0	922046.2	600.0	240000.0	190552.7	490893.5	10
605	26.5	1189734.6	604.0	241600.0	448247.4	499283.2	10
