pop	gen	nfe	initnfe	lsnfe	rmnfe	bmnfe	successes
40	148.66666666666666	67760.0	40.0	4000.0	27749.0	35971.0	3
45	74.0	43369.0	44.0	4400.0	13713.0	25212.0	1
46	99.3	58793.7	46.0	4600.0	20534.4	33613.3	10
47	77.0	46922.0	46.0	4600.0	14688.0	27588.0	1
48	137.66666666666666	81817.33333333333	48.0	4800.0	29460.333333333332	47509.0	3
49	118.83333333333333	72017.33333333333	48.0	4800.0	24891.5	42277.833333333336	6
50	89.0	60347.2	50.0	5000.0	20118.8	35178.4	10
55	85.0	63860.4	54.0	5400.0	19753.6	38652.8	5
60	77.8	70888.6	60.0	6000.0	20360.7	44467.9	10
65	93.7	92660.0	64.0	6400.0	25864.8	60331.2	10
70	80.3	93830.7	70.0	7000.0	25383.1	61377.6	10
75	77.33333333333333	98373.5	74.0	7400.0	25388.0	65511.5	6
80	73.5	107944.8	80.0	8000.0	26526.4	73338.4	10
85	72.9	114918.0	84.0	8400.0	27602.4	78831.6	10
90	87.0	152552.7	90.0	9000.0	37696.9	105765.8	10
95	77.0	148914.0	94.0	9400.0	33556.0	105864.0	1
100	61.2	134858.6	100.0	10000.0	28168.1	96590.5	10
130	42.3	155203.6	130.0	13000.0	25313.7	116759.9	10
