pop	gen	nfe	initnfe	lsnfe	rmnfe	bmnfe	successes
40	88.0	43494.0	40.0	4000.0	16592.0	22862.0	1
70	71.0	81606.0	70.0	7000.0	24994.5	49541.5	2
100	77.2	156743.0	100.0	10000.0	41544.4	105098.6	5
130	47.111111111111114	161901.66666666666	130.0	13000.0	33267.88888888889	115503.77777777778	9
135	56.0	197366.4	134.0	13400.0	41693.4	142139.0	10
140	44.4	176636.3	140.0	14000.0	33113.7	129382.6	10
145	42.0	174024.5	144.0	14400.0	33156.1	126324.4	10
150	50.2	215117.8	150.0	15000.0	40637.1	159330.7	10
151	40.7	182057.3	150.0	15000.0	32767.6	134139.7	10
152	46.1	205971.1	152.0	15200.0	38574.5	152044.6	10
153	48.4	213353.6	152.0	15200.0	40941.2	157060.4	10
154	51.7	234518.2	154.0	15400.0	44695.3	174268.9	10
155	35.1	168323.1	154.0	15400.0	29323.2	123445.9	10
156	51.0	234188.2	156.0	15600.0	44227.7	174204.5	10
157	47.0	220078.9	156.0	15600.0	40289.8	164033.1	10
158	58.8	271684.8	158.0	15800.0	51871.5	203855.3	10
159	69.4	311507.0	158.0	15800.0	63639.7	231909.3	10
160	32.7	169749.8	160.0	16000.0	27715.2	125874.6	10
165	41.2	212129.5	164.0	16400.0	37209.1	158356.4	10
170	42.7	231984.5	170.0	17000.0	40140.0	174674.5	10
175	36.9	213825.1	174.0	17400.0	35440.9	160810.2	10
180	36.5	226139.7	180.0	18000.0	37296.9	170662.8	10
185	47.1	292932.0	184.0	18400.0	49466.3	224881.7	10
