pop	gen	nfe	initnfe	lsnfe	rmnfe	bmnfe	successes
40	171.0	79228.0	40.0	4000.0	33571.0	41617.0	1
100	110.5	234386.5	100.0	10000.0	60129.0	164157.5	2
105	101.25	223218.5	104.0	10400.0	54394.0	158320.5	4
110	66.5	169604.375	110.0	11000.0	37081.0	121413.375	8
115	52.5	144533.5	114.0	11400.0	29213.5	103806.0	2
120	113.8	322832.2	120.0	12000.0	78011.4	232700.8	5
121	100.7	296681.3	120.0	12000.0	66641.0	217920.3	10
122	28.0	96026.5	122.0	12200.0	15959.0	67745.5	2
125	74.4	229442.5	124.0	12400.0	48478.0	168440.5	10
126	75.2	240783.8	126.0	12600.0	50626.8	177431.0	5
127	85.0	266646.1666666667	126.0	12600.0	57204.833333333336	196715.33333333334	6
128	67.2	221098.4	128.0	12800.0	44084.2	164086.2	5
129	55.4	186820.6	128.0	12800.0	35997.0	137895.6	5
130	93.3	308529.0	130.0	13000.0	65360.6	230038.4	10
135	20.0	94269.0	134.0	13400.0	13671.0	67064.0	1
140	32.0	136015.0	140.0	14000.0	22665.0	99210.0	1
145	43.142857142857146	188048.2857142857	144.0	14400.0	31800.85714285714	141703.42857142858	7
150	95.0	409754.0	150.0	15000.0	80276.0	314328.0	1
155	45.25	215727.75	154.0	15400.0	36185.25	163988.5	8
160	80.66666666666667	384497.8333333333	160.0	16000.0	71886.66666666667	296451.1666666667	6
190	48.7	335357.2	190.0	19000.0	50306.4	265860.8	10
