pop	gen	nfe	initnfe	lsnfe	rmnfe	bmnfe	successes
30	81.33333333333333	26781.333333333332	30.0	3000.0	11403.333333333334	12348.0	3
35	108.0	42365.0	34.0	3400.0	19317.0	19614.0	1
36	82.6	35198.9	36.0	3600.0	13864.6	17698.3	10
38	128.75	58419.75	38.0	3800.0	25346.25	29235.5	4
39	90.9	41941.9	38.0	3800.0	16616.5	21487.4	10
40	92.7	45667.2	40.0	4000.0	17300.9	24326.3	10
41	78.1	38907.3	40.0	4000.0	14293.8	20573.5	10
42	72.3	39405.9	42.0	4200.0	13960.3	21203.6	10
43	67.8	37520.1	42.0	4200.0	13089.3	20188.8	10
44	92.42857142857143	53058.142857142855	44.0	4400.0	19582.428571428572	29031.714285714286	7
45	85.8	49002.3	44.0	4400.0	17735.1	26823.2	10
50	80.3	55986.4	50.0	5000.0	18044.0	32892.4	10
55	55.7	45864.2	54.0	5400.0	13230.1	27180.1	10
60	58.3	57122.5	60.0	6000.0	15946.4	35116.1	10
65	56.7	61269.4	64.0	6400.0	15934.5	38870.9	10
70	49.1	62517.4	70.0	7000.0	14947.0	40500.4	10
100	20.6	56441.5	100.0	10000.0	8768.4	37573.1	10
130	20.5	84118.5	130.0	13000.0	12176.4	58812.1	10
