pop	gen	nfe	initnfe	lsnfe	rmnfe	bmnfe	successes
70	34.0	44898.0	70.0	7000.0	9514.0	28314.0	1
130	191.0	635547.0	130.0	13000.0	132573.0	489844.0	1
190	49.0	362040.0	190.0	19000.0	44710.0	298140.0	1
220	91.8	828589.3	220.0	22000.0	102668.1	703701.2	10
255	107.0	1260335.0	254.0	25400.0	137194.0	1097487.0	1
260	47.875	610988.625	260.0	26000.0	63670.375	521058.25	8
265	70.8	913550.4	264.0	26400.0	97486.1	789400.3	10
270	50.0	674061.3333333334	270.0	27000.0	70661.33333333333	576130.0	3
275	74.33333333333333	1001734.0	274.0	27400.0	107712.33333333333	866347.6666666666	3
278	103.0	1390422.0	278.0	27800.0	145552.0	1216792.0	1
279	103.0	1390422.0	278.0	27800.0	145552.0	1216792.0	1
280	42.8	633779.2	280.0	28000.0	62460.0	543039.2	10
281	40.9	611767.9	280.0	28000.0	59251.6	524236.3	10
282	65.4	951002.6	282.0	28200.0	99434.4	823086.2	5
283	51.6	767416.0	282.0	28200.0	77931.4	661002.6	10
284	58.2	861937.8	284.0	28400.0	86224.3	747029.5	10
285	79.22222222222223	1152678.3333333333	284.0	28400.0	118856.88888888889	1005137.4444444445	9
290	66.7	1005790.8	290.0	29000.0	104918.8	871582.0	10
295	51.44444444444444	854579.0	294.0	29400.0	79946.11111111111	744938.8888888889	9
300	55.6	914381.4	300.0	30000.0	90050.3	794031.1	10
305	68.4	1154455.9	304.0	30400.0	109701.2	1014050.7	10
