pop	gen	nfe	initnfe	lsnfe	rmnfe	bmnfe	successes
70	151.0	163966.0	70.0	7000.0	52842.0	104054.0	1
100	59.0	127090.5	100.0	10000.0	27983.5	89007.0	2
130	150.0	429891.0	130.0	13000.0	104906.0	311855.0	3
160	91.0	411296.0	160.0	16000.0	80141.0	314995.0	2
165	93.66666666666667	435109.6666666667	164.0	16400.0	84616.33333333333	333929.3333333333	3
170	99.1	488738.6	170.0	17000.0	96059.7	375508.9	10
175	83.125	442617.25	174.0	17400.0	79320.875	345722.375	8
185	86.0	495035.0	184.0	18400.0	96794.0	379657.0	1
186	69.3	419974.4	186.0	18600.0	74978.6	326209.8	10
187	68.1	414433.8	186.0	18600.0	72535.2	323112.6	10
188	93.2	549293.3	188.0	18800.0	105196.4	425108.9	10
189	78.6	475917.1	188.0	18800.0	86917.9	370011.2	10
190	75.8	475798.7	190.0	19000.0	83687.4	372921.3	10
191	65.1	416395.3	190.0	19000.0	68951.6	328253.7	10
192	61.6	397739.6	192.0	19200.0	68085.2	310262.4	5
193	80.5	491809.75	192.0	19200.0	91519.0	380898.75	4
194	62.9	420146.5	194.0	19400.0	69615.1	330937.4	10
195	58.333333333333336	388031.3333333333	194.0	19400.0	60306.666666666664	308130.6666666667	3
200	73.6	496157.8	200.0	20000.0	82434.2	393523.6	10
205	79.6	553115.8	204.0	20400.0	94383.0	438128.8	10
210	76.0	567516.0	210.0	21000.0	101225.0	445081.0	1
