pop	gen	nfe	initnfe	lsnfe	rmnfe	bmnfe	successes
20	89.0	17862.0	20.0	2000.0	9435.5	6406.5	2
25	116.5	28875.0	24.0	2400.0	15402.5	11048.5	2
30	97.0	32061.0	30.0	3000.0	14750.0	14281.0	2
36	152.5	61756.5	36.0	3600.0	27394.75	30725.75	4
37	152.5	61756.5	36.0	3600.0	27394.75	30725.75	4
38	83.6	37967.9	38.0	3800.0	14096.8	20033.1	10
39	83.0	35661.0	38.0	3800.0	12385.0	19438.0	1
40	81.3	39801.8	40.0	4000.0	14129.6	21632.2	10
41	104.7	49243.1	40.0	4000.0	18132.3	27070.8	10
42	128.5	64454.25	42.0	4200.0	25040.25	35172.0	4
43	111.0	56843.166666666664	42.0	4200.0	20935.666666666668	31665.5	6
44	82.7	46552.1	44.0	4400.0	15877.6	26230.5	10
45	94.0	51859.4	44.0	4400.0	17948.0	29467.4	10
50	77.2	52992.9	50.0	5000.0	16217.7	31725.2	10
55	69.4	54845.1	54.0	5400.0	15630.5	33760.6	10
60	60.9	56783.8	60.0	6000.0	14768.9	35954.9	10
65	57.5	60580.5	64.0	6400.0	15084.8	39031.7	10
70	65.6	78957.7	70.0	7000.0	19426.1	52461.6	10
100	31.4	78077.4	100.0	10000.0	13450.8	54526.6	10
130	27.1	107114.0	130.0	13000.0	15930.0	78054.0	10
