pop	gen	nfe	initnfe	lsnfe	rmnfe	bmnfe	successes
25	156.0	36341.0	24.0	2400.0	18876.0	15041.0	1
30	147.2	47433.2	30.0	3000.0	21249.1	23154.1	10
31	102.57142857142857	34616.0	30.0	3000.0	14821.285714285714	16764.714285714286	7
32	82.22222222222223	31420.444444444445	32.0	3200.0	12268.444444444445	15920.0	9
33	86.1	32179.3	32.0	3200.0	12574.7	16372.6	10
34	100.33333333333333	39915.666666666664	34.0	3400.0	15262.666666666666	21219.0	3
35	93.6	38217.7	34.0	3400.0	14458.2	20325.5	10
36	57.5	26340.0	36.0	3600.0	8584.5	14119.5	2
37	71.4	32554.7	36.0	3600.0	11179.6	17739.1	10
38	95.6	45470.0	38.0	3800.0	16508.2	25123.8	10
39	85.9	40641.7	38.0	3800.0	14243.6	22560.1	10
40	108.8	55132.7	40.0	4000.0	19199.7	31893.0	10
45	86.2	50950.7	44.0	4400.0	16561.4	29945.3	10
50	61.6	46520.4	50.0	5000.0	13121.6	28348.8	10
55	58.7	50883.8	54.0	5400.0	13496.6	31933.2	10
60	51.4	53741.4	60.0	6000.0	13250.8	34430.6	10
65	54.3	63473.3	64.0	6400.0	14670.2	42339.1	10
70	53.8	71571.8	70.0	7000.0	16105.4	48396.4	10
100	29.1	78431.2	100.0	10000.0	12792.9	55538.3	10
130	20.8	92387.5	130.0	13000.0	11961.4	67296.1	10
