pop	gen	nfe	initnfe	lsnfe	rmnfe	bmnfe	successes
70	147.0	162158.0	70.0	7000.0	48384.0	106704.0	1
165	104.5	497082.25	164.0	16400.0	92030.5	388487.75	4
170	79.1	413647.9	170.0	17000.0	72278.8	324199.1	10
175	71.2	390558.3	174.0	17400.0	64983.4	308000.9	10
180	73.5	432017.2	180.0	18000.0	70798.0	343039.2	10
190	96.5	613168.2	190.0	19000.0	102012.5	491965.7	10
195	71.8	477390.9	194.0	19400.0	75114.9	382682.0	10
200	83.55555555555556	582201.4444444445	200.0	20000.0	92425.33333333333	469576.1111111111	9
201	105.2	720396.4	200.0	20000.0	116862.8	583333.6	5
202	115.0	780394.0	202.0	20200.0	129484.0	630508.0	3
203	64.8	473348.5	202.0	20200.0	71046.9	381899.6	10
204	73.7	532695.1	204.0	20400.0	80781.6	431309.5	10
205	43.2	345096.2	204.0	20400.0	46297.3	278194.9	10
206	95.4	697041.2	206.0	20600.0	110554.8	565680.4	5
207	85.4	625817.0	206.0	20600.0	97270.0	507741.0	10
208	49.4	388792.4	208.0	20800.0	55149.2	312635.2	5
209	46.0	370178.4	208.0	20800.0	49920.8	299249.6	5
210	64.0	500256.3333333333	210.0	21000.0	74225.83333333333	404820.5	6
215	63.2	511973.3	214.0	21400.0	73245.9	417113.4	10
220	80.71428571428571	670216.1428571428	220.0	22000.0	98258.85714285714	549737.2857142857	7
250	61.9	665517.4	250.0	25000.0	86444.6	553822.8	10
