pop	gen	nfe	initnfe	lsnfe	rmnfe	bmnfe	successes
40	96.44444444444444	46636.0	40.0	4000.0	18128.777777777777	24467.222222222223	9
41	75.5	38534.5	40.0	4000.0	14166.5	20328.0	2
42	133.0	69503.0	42.0	4200.0	28847.8	36413.2	5
43	114.5	60274.1	42.0	4200.0	24185.3	31846.8	10
44	94.33333333333333	52420.0	44.0	4400.0	19164.0	28812.0	3
45	88.1	49364.4	44.0	4400.0	17659.8	27260.6	10
46	135.5	76228.5	46.0	4600.0	29519.9	42062.6	10
47	117.3	66984.7	46.0	4600.0	25732.0	36606.7	10
48	105.3	66716.4	48.0	4800.0	24054.7	37813.7	10
49	99.5	64010.7	48.0	4800.0	22693.4	36469.3	10
50	76.0	52652.0	50.0	5000.0	18998.0	28604.0	2
55	82.9	63588.3	54.0	5400.0	20213.1	37921.2	10
60	77.8	71785.7	60.0	6000.0	22133.3	43592.4	10
65	68.4	70318.9	64.0	6400.0	19794.6	44060.3	10
70	70.1	82367.0	70.0	7000.0	22176.4	53120.6	10
75	47.5	66328.0	74.0	7400.0	15936.4	42917.6	10
80	52.9	82607.8	80.0	8000.0	19311.1	55216.7	10
85	42.0	72824.0	84.0	8400.0	16016.3	48323.7	10
90	40.1	78473.8	90.0	9000.0	16725.6	52658.2	10
95	45.1	94187.5	94.0	9400.0	20260.0	64433.5	10
100	41.4	97282.0	100.0	10000.0	19691.1	67490.9	10
130	31.3	119307.3	130.0	13000.0	19881.9	86295.4	10
