pop	gen	nfe	initnfe	lsnfe	rmnfe	bmnfe	successes
40	89.0	45030.0	40.0	4000.0	16448.0	24542.0	1
41	87.25	44058.0	40.0	4000.0	17276.25	22741.75	4
42	124.0	65349.0	42.0	4200.0	26450.0	34657.0	1
43	124.0	65349.0	42.0	4200.0	26450.0	34657.0	1
44	111.625	64261.875	44.0	4400.0	24624.5	35193.375	8
45	94.1	55795.7	44.0	4400.0	20518.5	30833.2	10
48	87.83333333333333	58704.833333333336	48.0	4800.0	19959.5	33897.333333333336	6
49	91.8	60471.6	48.0	4800.0	21407.9	34215.7	10
50	77.7	56574.6	50.0	5000.0	18331.7	33192.9	10
55	94.0	74035.8	54.0	5400.0	24092.3	44489.5	10
60	61.4	61456.6	60.0	6000.0	17616.3	37780.3	10
65	67.2	75263.0	64.0	6400.0	20882.0	47917.0	5
70	73.5	91486.7	70.0	7000.0	25680.6	58736.1	10
75	68.9	94118.4	74.0	7400.0	25590.0	61054.4	10
80	75.8	118569.8	80.0	8000.0	30804.2	79685.6	10
85	41.4	75001.9	84.0	8400.0	16393.9	50124.0	10
90	44.3	88351.7	90.0	9000.0	19596.2	59665.5	10
95	46.9	102690.2	94.0	9400.0	22009.8	71186.4	10
100	38.5	94610.5	100.0	10000.0	18897.6	65612.9	10
130	29.0	115881.6	130.0	13000.0	18353.8	84397.8	10
