pop	gen	nfe	initnfe	lsnfe	rmnfe	bmnfe	successes
40	112.6	54142.4	40.0	4000.0	20730.2	29372.2	5
45	83.85714285714286	48675.57142857143	44.0	4400.0	16101.42857142857	28130.14285714286	7
46	104.3	62012.6	46.0	4600.0	21095.4	36271.2	10
47	81.5	50087.1	46.0	4600.0	16427.0	29014.1	10
48	88.1	57528.6	48.0	4800.0	18767.8	33912.8	10
49	76.33333333333333	50585.0	48.0	4800.0	16089.666666666666	29647.333333333332	3
50	81.3	57040.2	50.0	5000.0	17305.7	34684.5	10
51	77.5	54316.5	50.0	5000.0	16423.2	32843.3	10
52	88.1	64863.9	52.0	5200.0	19710.2	39901.7	10
53	92.9	67727.8	52.0	5200.0	21171.2	41304.6	10
54	97.25	74792.0	54.0	5400.0	23102.0	46236.0	4
60	72.9	69286.7	60.0	6000.0	19147.2	44079.5	10
65	52.1	58556.4	64.0	6400.0	14114.8	37977.6	10
70	54.6	69837.0	70.0	7000.0	16400.0	46367.0	10
75	43.3	62717.7	74.0	7400.0	13655.9	41587.8	10
80	36.0	60685.0	80.0	8000.0	12109.2	40495.8	10
85	51.4	89850.5	84.0	8400.0	19046.1	62320.4	10
90	48.1	95165.2	90.0	9000.0	19456.6	66618.6	10
95	46.1	97780.3	94.0	9400.0	19212.7	69073.6	10
100	41.4	98790.9	100.0	10000.0	18638.8	70052.1	10
130	32.1	127712.5	130.0	13000.0	19074.2	95508.3	10
