pop	gen	nfe	initnfe	lsnfe	rmnfe	bmnfe	successes
40	110.16666666666667	54814.166666666664	40.0	4000.0	21381.833333333332	29392.333333333332	6
70	81.3	97421.9	70.0	7000.0	25637.4	64714.5	10
75	73.8	100256.7	74.0	7400.0	24279.7	68503.0	10
80	64.9	100616.7	80.0	8000.0	23070.6	69466.1	10
85	53.5	92884.5	84.0	8400.0	19498.1	64902.4	10
90	44.7	89283.6	90.0	9000.0	17705.2	62488.4	10
95	46.4	98931.0	94.0	9400.0	19153.4	70283.6	10
96	46.6	103867.5	96.0	9600.0	19998.7	74172.8	10
97	45.3	100481.8	96.0	9600.0	18820.4	71965.4	10
98	33.6	82106.3	98.0	9800.0	14207.7	58000.6	10
99	40.8	95670.9	98.0	9800.0	17603.9	68169.0	10
100	34.5	84668.4	100.0	10000.0	14941.6	59626.8	10
101	37.5	92837.8	100.0	10000.0	16140.9	66596.9	10
102	45.9	112872.0	102.0	10200.0	21044.6	81525.4	10
103	56.3	135796.4	102.0	10200.0	26807.6	98686.8	10
104	46.9	119255.7	104.0	10400.0	22373.6	86378.1	10
105	38.5	100531.6	104.0	10400.0	17508.0	72519.6	10
110	43.4	121160.8	110.0	11000.0	21528.5	88522.3	10
115	33.0	104052.4	114.0	11400.0	16522.8	76015.6	10
120	36.2	119425.9	120.0	12000.0	19104.2	88201.7	10
125	31.0	112600.3	124.0	12400.0	17152.2	82924.1	10
130	29.3	116077.7	130.0	13000.0	17221.6	85726.1	10
