pop	gen	nfe	initnfe	lsnfe	rmnfe	bmnfe	successes
130	57.0	200210.0	130.0	13000.0	39112.0	147968.0	1
220	77.25	648189.25	220.0	22000.0	97329.5	528639.75	4
280	48.375	664665.75	280.0	28000.0	78951.0	557434.75	8
340	42.5	830581.8333333334	340.0	34000.0	84058.16666666667	712183.6666666666	6
341	47.714285714285715	935464.2857142857	340.0	34000.0	100562.57142857143	800561.7142857143	7
342	79.3	1480594.7	342.0	34200.0	173539.8	1272512.9	10
343	53.3	1033858.6	342.0	34200.0	113515.2	885801.4	10
344	41.0	847891.4	344.0	34400.0	83228.0	729919.4	10
345	41.5	847282.3	344.0	34400.0	85653.8	726884.5	10
346	80.9	1557642.6	346.0	34600.0	175791.9	1346904.7	10
347	52.3	1042269.0	346.0	34600.0	110020.7	897302.3	10
348	48.4	991223.2	348.0	34800.0	103422.6	852652.6	10
349	50.0	1022632.1	348.0	34800.0	106472.4	881011.7	10
350	38.0	817366.4444444445	350.0	35000.0	80566.0	701450.4444444445	9
355	59.0	1220938.8	354.0	35400.0	127541.2	1057643.6	10
360	47.3	1030909.3	360.0	36000.0	104549.0	890000.3	10
370	50.7	1162245.2	370.0	37000.0	115189.4	1009685.8	10
375	44.111111111111114	1042344.4444444445	374.0	37400.0	101784.88888888889	902785.5555555555	9
380	75.0	1723258.6	380.0	38000.0	173640.6	1511238.0	5
385	38.125	934662.25	384.0	38400.0	90292.0	805586.25	8
390	52.3	1324487.0	390.0	39000.0	127097.1	1157999.9	10
395	37.0	987914.6	394.0	39400.0	88361.8	859758.8	5
