pop	gen	nfe	initnfe	lsnfe	rmnfe	bmnfe	successes
40	60.0	31648.0	40.0	4000.0	10572.0	17036.0	1
70	91.11111111111111	106142.0	70.0	7000.0	29561.777777777777	69510.22222222222	9
75	67.14285714285714	88239.71428571429	74.0	7400.0	22724.14285714286	58041.57142857143	7
76	43.75	63892.75	76.0	7600.0	14741.0	41475.75	4
77	70.7	96050.9	76.0	7600.0	25464.4	62910.5	10
78	73.0	105239.75	78.0	7800.0	27601.5	69760.25	4
79	92.6	128908.6	78.0	7800.0	35273.0	85757.6	5
80	60.5	92550.2	80.0	8000.0	22646.6	61823.6	10
81	54.8	85926.4	80.0	8000.0	21710.2	56136.2	5
82	65.66666666666667	104575.33333333333	82.0	8200.0	25146.333333333332	71147.0	3
83	66.0	104068.33333333333	82.0	8200.0	25277.666666666668	70508.66666666667	3
84	75.4	120627.8	84.0	8400.0	30981.6	81162.2	10
85	38.0	65087.0	84.0	8400.0	12831.0	43772.0	1
90	75.7	136201.5	90.0	9000.0	32655.0	94456.5	10
95	67.3	132636.2	94.0	9400.0	30536.3	92605.9	10
100	73.3	156028.6	100.0	10000.0	35778.4	110150.2	10
105	61.9	145250.8	104.0	10400.0	30673.6	104073.2	10
110	55.1	145691.2	110.0	11000.0	29361.1	105220.1	10
115	55.4	155134.5	114.0	11400.0	30940.7	112679.8	10
120	54.5	167539.6	120.0	12000.0	32063.0	123356.6	10
125	67.8	211182.0	124.0	12400.0	42340.4	156317.6	5
130	46.9	167299.1	130.0	13000.0	29760.5	124408.6	10
