pop	gen	nfe	initnfe	lsnfe	rmnfe	bmnfe	successes
50	85.875	62978.0	50.0	5000.0	19004.0	38924.0	8
55	67.75	56193.75	54.0	5400.0	15192.0	35547.75	4
56	154.0	133060.0	56.0	5600.0	39732.0	87672.0	1
57	74.5	66048.5	56.0	5600.0	17065.0	43327.5	2
58	55.666666666666664	52680.333333333336	58.0	5800.0	13575.666666666666	33246.666666666664	3
59	50.5	46950.0	58.0	5800.0	11593.0	29499.0	2
60	75.7	72904.3	60.0	6000.0	19265.9	47578.4	10
61	101.0	96048.0	60.0	6000.0	25833.0	64155.0	1
62	105.7	103267.3	62.0	6200.0	28389.1	68616.2	10
63	120.2	116309.6	62.0	6200.0	32345.1	77702.5	10
65	50.8	58433.2	64.0	6400.0	13602.4	38366.8	5
70	83.9	103068.3	70.0	7000.0	25877.3	70121.0	10
75	31.0	47296.0	74.0	7400.0	8490.0	31332.0	1
80	76.3	120997.0	80.0	8000.0	26819.9	86097.1	10
85	61.6	107593.3	84.0	8400.0	22835.0	76274.3	10
90	62.9	122146.2	90.0	9000.0	24830.2	88226.0	10
100	65.9	153569.0	100.0	10000.0	29439.4	114029.6	10
130	57.1	214104.7	130.0	12339.9	34257.7	167377.1	10
