pop	gen	nfe	initnfe	lsnfe	rmnfe	bmnfe	successes
100	100.0	215236.0	100.0	10000.0	46589.2	158546.8	5
130	80.25	278887.5	130.0	13000.0	50060.25	215697.25	4
160	41.5	231339.0	160.0	16000.0	30716.5	184462.5	2
165	61.4	334043.3	164.0	16400.0	50963.3	266516.0	10
170	51.3	301672.3	170.0	17000.0	43530.5	240971.8	10
175	57.4	344573.1	174.0	17400.0	50417.8	276581.3	10
180	57.22222222222222	369550.3333333333	180.0	18000.0	51050.555555555555	300319.77777777775	9
185	50.1	339164.9	184.0	18400.0	45403.8	275177.1	10
186	48.9	339534.7	186.0	18600.0	44700.6	276048.1	10
187	42.5	302830.8	186.0	18600.0	39350.8	244694.0	10
188	38.8	286217.2	188.0	18800.0	35507.5	231721.7	10
189	39.5	288273.2	188.0	18800.0	36635.9	232649.3	10
190	37.6	279592.4	190.0	19000.0	34607.2	225795.2	10
191	40.6	297849.9	190.0	19000.0	38107.7	240552.2	10
192	42.3	318218.0	192.0	19200.0	40219.5	258606.5	10
193	47.4	352655.6	192.0	19200.0	45224.9	288038.7	10
194	46.3	348852.0	194.0	19400.0	45161.1	284096.9	10
195	38.3	301074.0	194.0	19400.0	36590.1	244889.9	10
200	43.4	351291.4	200.0	20000.0	42906.5	288184.9	10
205	36.1	309075.5	204.0	20400.0	36794.4	251677.1	10
210	43.7	382944.4	210.0	21000.0	47376.3	314358.1	10
215	40.0	361154.3	214.0	21400.0	42699.9	296840.4	10
220	42.4	409791.5	220.0	22000.0	48276.3	339295.2	10
