pop	gen	nfe	initnfe	lsnfe	rmnfe	bmnfe	successes
70	91.0	102853.0	70.0	7000.0	29551.0	66232.0	1
100	178.0	322959.0	100.0	10000.0	92145.0	220714.0	1
160	93.0	417096.5	160.0	16000.0	83116.375	317820.125	8
170	140.5	641722.0	170.0	17000.0	135486.0	489066.0	2
171	96.0	489065.0	170.0	17000.0	95849.0	376046.0	1
172	86.5	447576.5	172.0	17200.0	86556.0	343648.5	2
174	102.5	515234.0	174.0	17400.0	107018.5	390641.5	2
175	87.6	452209.4	174.0	17400.0	86129.6	348505.8	10
178	148.6	761146.2	178.0	17800.0	154851.4	588316.8	5
179	171.33333333333334	873728.6666666666	178.0	17800.0	186277.33333333334	669473.3333333334	3
180	106.0	572583.2	180.0	18000.0	108044.4	446358.8	10
190	81.1	486662.2	190.0	19000.0	87712.1	379760.1	10
195	68.77777777777777	453397.8888888889	194.0	19400.0	75966.44444444444	357837.44444444444	9
200	89.9	590662.3	200.0	20000.0	102018.3	468444.0	10
205	77.3	538043.0	204.0	20400.0	89206.0	428233.0	10
210	91.875	672053.75	210.0	21000.0	118770.75	532073.0	8
