pop	gen	nfe	initnfe	lsnfe	rmnfe	bmnfe	successes
70	110.0	124737.8	70.0	7000.0	38082.8	79585.0	5
100	173.0	347813.0	100.0	10000.0	91852.0	245861.0	1
130	85.85714285714286	282603.4285714286	130.0	13000.0	62278.42857142857	207195.0	7
160	75.33333333333333	361368.8333333333	160.0	16000.0	69653.33333333333	275555.5	6
190	83.0	534486.0	190.0	19000.0	95314.0	419982.0	1
191	37.25	259989.5	190.0	19000.0	39774.25	201025.25	4
192	63.57142857142857	438779.85714285716	192.0	19200.0	79170.85714285714	340217.0	7
193	51.666666666666664	365420.6666666667	192.0	19200.0	55897.333333333336	290131.3333333333	3
194	47.1	331951.4	194.0	19400.0	53593.9	258763.5	10
195	51.8	362057.7	194.0	19400.0	59724.5	282739.2	10
196	54.0	382320.1	196.0	19600.0	61673.3	300850.8	10
197	56.8	398168.8	196.0	19600.0	65618.2	312754.6	10
198	42.9	321663.0	198.0	19800.0	47692.5	253972.5	10
199	45.8	338708.3	198.0	19800.0	51407.7	267302.6	10
200	57.6	418309.2	200.0	20000.0	70126.6	327982.6	10
205	60.7	455207.3	204.0	20400.0	74392.1	360211.2	10
210	50.0	409290.8	210.0	21000.0	63240.7	324840.1	10
215	43.5	373310.1	214.0	21400.0	56493.5	295202.6	10
220	60.1	523897.7	220.0	22000.0	82759.2	418918.5	10
225	40.6	374062.7	224.0	22400.0	51733.0	299705.7	10
230	39.9	391717.4	230.0	23000.0	53322.3	315165.1	10
235	44.3	445864.8	234.0	23400.0	62845.2	359385.6	10
240	53.8	556633.7	240.0	24000.0	82026.6	450367.1	10
245	38.5	421205.6	244.0	24400.0	55039.6	341522.0	10
