pop	gen	nfe	initnfe	lsnfe	rmnfe	bmnfe	successes
70	81.0	90716.33333333333	70.0	7000.0	25432.333333333332	58214.0	3
85	89.2	133864.6	84.0	8400.0	37309.5	88071.1	10
90	66.4	117285.0	90.0	9000.0	28794.2	79400.8	10
91	79.6	141108.4	90.0	9000.0	36645.1	95373.3	10
92	58.1	107798.0	92.0	9200.0	25714.5	72791.5	10
93	47.0	90508.2	92.0	9200.0	19616.4	61599.8	10
94	62.1	118248.6	94.0	9400.0	27829.6	80925.0	10
95	49.1	97952.2	94.0	9400.0	22042.3	66415.9	10
96	56.2	113229.8	96.0	9600.0	25597.7	77936.1	10
97	52.6	109724.7	96.0	9600.0	23943.5	76085.2	10
98	61.6	129557.5	98.0	9800.0	30873.6	88785.9	10
99	61.7	127769.8	98.0	9800.0	30017.7	87854.1	10
100	55.4	119244.7	100.0	10000.0	26467.1	82677.6	10
105	66.8	148113.7	104.0	10400.0	34493.9	103115.8	10
110	71.2	176816.4	110.0	11000.0	38731.5	126974.9	10
115	38.5	113122.0	114.0	11400.0	21590.5	80017.5	10
120	45.3	137139.4	120.0	12000.0	26091.3	98928.1	10
125	36.0	122455.4	124.0	12400.0	21945.0	87986.4	10
130	45.1	157147.7	130.0	13000.0	29307.7	114710.0	10
160	25.2	143379.6	160.0	16000.0	20481.0	106738.6	10
