pop	gen	nfe	initnfe	lsnfe	rmnfe	bmnfe	successes
70	65.375	83502.5	70.0	7000.0	20515.125	55917.375	8
100	48.9	118801.8	100.0	10000.0	22779.0	85922.8	10
105	40.0	107461.2	104.0	10400.0	19017.6	77939.6	10
115	41.7	132010.9	114.0	11400.0	22374.7	98122.2	10
120	30.7	109935.4	120.0	12000.0	17064.9	80750.5	10
125	26.4	101755.6	124.0	12400.0	14476.0	74755.6	5
126	68.66666666666667	251732.66666666666	126.0	12600.0	43219.166666666664	195787.5	6
127	65.5	240181.66666666666	126.0	12600.0	41387.166666666664	186068.5	6
128	42.7	163264.5	128.0	12800.0	25964.9	124371.6	10
129	31.4	123827.4	128.0	12800.0	18582.6	92316.8	10
130	24.6	104438.5	130.0	13000.0	14720.1	76588.4	10
131	35.6	142253.9	130.0	13000.0	22262.0	106861.9	10
132	30.0	122826.0	132.0	13200.0	17764.0	91730.0	3
133	38.3	154687.6	132.0	13200.0	23402.1	117953.5	10
134	41.7	170820.7	134.0	13400.0	26537.7	130749.0	10
135	33.1	139186.3	134.0	13400.0	20791.4	104860.9	10
140	40.1	181394.0	140.0	14000.0	26612.2	140641.8	10
145	28.7	138813.2	144.0	14400.0	19214.4	105054.8	10
150	32.57142857142857	169967.14285714287	150.0	15000.0	23324.571428571428	131492.57142857142	7
155	26.6	149702.8	154.0	15400.0	20235.3	113913.5	10
160	23.0	143144.7	160.0	16000.0	17626.9	109357.8	10
