pop	gen	nfe	initnfe	lsnfe	rmnfe	bmnfe	successes
26	117.5	34239.5	26.0	2600.0	19371.5	12242.0	2
27	117.5	34239.5	26.0	2600.0	19371.5	12242.0	2
28	151.0	43786.0	28.0	2800.0	24218.5	16739.5	2
29	151.0	43786.0	28.0	2800.0	24218.5	16739.5	2
30	96.7	32561.1	30.0	3000.0	16238.2	13292.9	10
31	107.0	34850.5	30.0	3000.0	16995.666666666668	14824.833333333334	6
34	80.0	31835.166666666668	34.0	3400.0	13804.666666666666	14596.5	6
35	96.3	37012.0	34.0	3400.0	16758.7	16819.3	10
40	97.5	47644.4	40.0	4000.0	19845.9	23758.5	10
50	59.6	42176.5	50.0	5000.0	13794.0	23332.5	10
55	72.5	56101.6	54.0	5400.0	18724.5	31923.1	10
60	60.6	56285.0	60.0	6000.0	16925.9	33299.1	10
65	74.6	75159.6	64.0	6400.0	22909.7	45785.9	10
70	55.0	66148.6	70.0	7000.0	18031.2	41047.4	10
100	31.2	75130.9	100.0	10000.0	14777.4	50253.5	10
130	20.0	81205.5	130.0	13000.0	12594.9	55480.6	10
