pop	gen	nfe	initnfe	lsnfe	rmnfe	bmnfe	successes
40	138.83333333333334	66911.33333333333	40.0	4000.0	27645.333333333332	35226.0	6
45	89.5	51561.3	44.0	4400.0	18607.7	28509.6	10
46	67.8	42020.9	46.0	4600.0	13544.9	23830.0	10
47	67.8	42020.9	46.0	4600.0	13544.9	23830.0	10
48	85.1	55789.0	48.0	4800.0	18856.6	32084.4	10
49	76.5	49943.0	48.0	4800.0	16181.5	28913.5	2
50	65.9	47796.1	50.0	5000.0	14534.2	28211.9	10
51	79.2	54414.9	50.0	5000.0	17350.6	32014.3	10
52	49.0	39199.0	52.0	5200.0	10673.5	23273.5	2
54	70.0	55433.5	54.0	5400.0	16289.666666666666	33689.833333333336	6
55	80.4	62146.0	54.0	5400.0	18822.0	37870.0	10
60	58.0	55884.2	60.0	6000.0	14736.6	35087.6	10
65	55.3	59920.0	64.0	6400.0	15463.7	37992.3	10
70	59.0	73103.7	70.0	7000.0	18274.9	47758.8	10
75	68.5	91655.5	74.0	7400.0	23806.4	60375.1	10
80	48.0	75464.0	80.0	8000.0	17044.5	50339.5	10
85	46.0	79974.4	84.0	8400.0	17235.5	54254.9	10
90	43.8	86138.6	90.0	9000.0	18115.3	58933.3	10
95	47.4	98483.8	94.0	9400.0	20109.1	68880.7	10
100	34.6	84286.3	100.0	10000.0	15052.4	59133.9	10
130	22.8	95063.4	130.0	13000.0	13636.5	68296.9	10
