pop	gen	nfe	initnfe	lsnfe	rmnfe	bmnfe	successes
40	93.0	47453.0	40.0	4000.0	18007.0	25406.0	1
45	113.5	61204.0	44.0	4400.0	20868.0	35892.0	2
50	89.66666666666667	61410.333333333336	50.0	5000.0	19618.666666666668	36741.666666666664	6
55	43.0	38761.0	54.0	5400.0	9634.5	23672.5	2
60	102.25	92930.875	60.0	6000.0	29086.625	57784.25	8
65	92.88888888888889	94295.22222222222	64.0	6400.0	27317.444444444445	60513.77777777778	9
66	73.1	81663.5	66.0	6600.0	22372.3	52625.2	10
67	84.5	92512.8	66.0	6600.0	25729.0	60117.8	10
68	106.6	117713.8	68.0	6800.0	33991.2	76854.6	5
69	88.0	98765.0	68.0	6800.0	27301.333333333332	64595.666666666664	3
70	83.6	98984.0	70.0	7000.0	26712.0	65202.0	10
71	92.1	108616.2	70.0	7000.0	29453.7	72092.5	10
72	78.0	100987.8	72.0	7200.0	26127.2	67588.6	5
73	60.666666666666664	80580.0	72.0	7200.0	19899.333333333332	53408.666666666664	3
74	132.5	163439.25	74.0	7400.0	47764.0	108201.25	4
75	60.25	79334.25	74.0	7400.0	19020.0	52840.25	4
85	68.7	112658.5	84.0	8400.0	26831.7	77342.8	10
95	68.7	137442.8	94.0	9400.0	30964.4	96984.4	10
100	51.0	117392.4	100.0	10000.0	23872.3	83420.1	10
130	52.9	188291.1	130.0	13000.0	33101.5	142059.6	10
