pop	gen	nfe	initnfe	lsnfe	rmnfe	bmnfe	successes
190	59.0	407047.0	190.0	19000.0	60621.0	327236.0	1
220	33.0	338434.0	220.0	22000.0	40838.0	275376.0	1
310	88.0	1424701.5	310.0	31000.0	162405.5	1230986.0	4
315	80.0	1354305.0	314.0	31400.0	154630.0	1167961.0	1
320	86.0	1508081.0	320.0	32000.0	161751.0	1314010.0	1
325	65.0	1179376.7	324.0	32400.0	122949.8	1023702.9	10
330	74.16666666666667	1383667.1666666667	330.0	33000.0	147077.16666666666	1203260.0	6
335	60.0	1155532.3333333333	334.0	33400.0	114930.33333333333	1006868.0	3
336	30.0	638559.0	336.0	33600.0	56264.0	548359.0	1
338	146.0	2702829.0	338.0	33800.0	296408.0	2372283.0	1
339	146.0	2702829.0	338.0	33800.0	296408.0	2372283.0	1
340	53.1	1093334.0	340.0	34000.0	107998.0	950996.0	10
342	93.3	1795118.1	342.0	34200.0	192814.0	1567762.1	10
343	97.66666666666667	1890293.3333333333	342.0	34200.0	199719.33333333334	1656032.0	6
344	71.875	1436421.875	344.0	34400.0	150743.0	1250934.875	8
345	120.33333333333333	2320471.0	344.0	34400.0	260015.33333333334	2025711.6666666667	3
350	74.0	1497014.4	350.0	35000.0	151438.4	1310226.0	5
355	106.66666666666667	2145269.3333333335	354.0	35400.0	230319.66666666666	1879195.6666666667	3
365	64.2	1426170.4	364.0	36400.0	142282.6	1247123.8	5
