pop	gen	nfe	initnfe	lsnfe	rmnfe	bmnfe	successes
40	142.0	67663.0	40.0	4000.0	32660.0	30963.0	3
45	81.0	44790.0	44.0	4400.0	15858.5	24487.5	2
50	99.0	66583.66666666667	50.0	5000.0	24607.0	36926.666666666664	3
55	41.0	34730.0	54.0	5400.0	9583.0	19693.0	1
65	113.42857142857143	109391.42857142857	64.0	6400.0	36997.71428571428	65929.71428571429	7
68	105.6	114391.6	68.0	6800.0	38107.1	69416.5	10
69	104.2	112102.8	68.0	6800.0	35355.7	69879.1	10
70	73.1	86681.5	70.0	7000.0	27073.9	52537.6	10
71	94.5	107070.0	70.0	7000.0	32598.25	67401.75	4
72	84.7	101799.7	72.0	7200.0	31624.2	62903.5	10
73	78.9	96034.8	72.0	7200.0	29592.0	59170.8	10
74	63.285714285714285	82939.71428571429	74.0	7400.0	22641.714285714286	52824.0	7
75	68.0	86485.0	74.0	7400.0	24174.0	54837.0	1
80	66.4	97015.0	80.0	8000.0	26132.4	62802.6	10
85	69.22222222222223	109857.0	84.0	8400.0	29584.333333333332	71788.66666666667	9
90	72.1	131452.9	90.0	9000.0	36441.3	85921.6	10
95	77.9	148195.2	94.0	9400.0	39413.4	99287.8	10
100	122.0	236284.0	100.0	10000.0	65360.0	160824.0	1
130	52.1	181737.3	130.0	13000.0	39789.3	128818.0	10
