pop	gen	nfe	initnfe	lsnfe	rmnfe	bmnfe	successes
40	31.0	17963.0	40.0	4000.0	5011.0	8912.0	1
70	35.0	46193.0	70.0	7000.0	10466.0	28657.0	1
100	57.125	122575.75	100.0	10000.0	28582.375	83893.375	8
105	66.0	148495.25	104.0	10400.0	34299.25	103692.0	4
110	66.6	163296.0	110.0	11000.0	38245.3	113940.7	10
115	76.1	194399.5	114.0	11400.0	46931.4	135954.1	10
120	80.66666666666667	223376.0	120.0	12000.0	51377.0	159879.0	6
125	58.9	180427.1	124.0	12400.0	37461.3	130441.8	10
126	77.0	233798.5	126.0	12600.0	50978.0	170094.5	2
128	57.7	183673.8	128.0	12800.0	38567.7	132178.1	10
129	65.66666666666667	211500.66666666666	128.0	12800.0	44159.333333333336	154413.33333333334	6
130	45.0	155282.3	130.0	13000.0	29145.7	113006.6	10
131	72.0	229641.9	130.0	13000.0	48730.8	167781.1	10
132	79.2	255548.2	132.0	13200.0	56637.9	185578.3	10
133	81.9	265237.9	132.0	13200.0	58783.7	193122.2	10
134	53.7	188829.3	134.0	13400.0	38384.6	136910.7	10
135	65.3	220962.8	134.0	13400.0	46841.1	160587.7	10
140	46.8	183763.4	140.0	14000.0	34482.5	135140.9	10
145	62.5	240951.8	144.0	14400.0	47934.0	178473.8	10
150	66.6	272930.1	150.0	15000.0	55552.7	202227.4	10
