pop	gen	nfe	initnfe	lsnfe	rmnfe	bmnfe	successes
70	123.875	198410.75	70.0	7000.0	167477.875	23862.875	8
100	49.2	128101.8	100.0	10000.0	91961.8	26040.0	5
130	55.166666666666664	278494.3333333333	130.0	13000.0	224726.66666666666	40637.666666666664	6
135	38.0	137155.5	134.0	13400.0	85624.5	37997.0	2
140	10.0	66160.0	140.0	14000.0	29928.0	22092.0	1
145	64.3	344544.4	144.0	14400.0	280884.7	49115.7	10
150	46.8	267797.3	150.0	15000.0	208935.1	43712.2	10
155	70.0	561038.2	154.0	15400.0	492739.6	52744.6	5
160	39.8	272276.9	160.0	16000.0	209017.3	47099.6	10
161	37.8	224696.8	160.0	16000.0	159766.8	48770.0	10
164	25.2	126008.3	164.0	16400.0	68887.6	40556.7	10
165	46.9	261384.9	164.0	16400.0	192291.4	52529.5	10
166	15.0	81708.28571428571	166.0	16600.0	32170.0	32772.28571428572	7
167	22.6	118700.3	166.0	16600.0	62398.3	39536.0	10
168	35.5	232726.2	168.0	16800.0	166333.6	49424.6	10
169	22.0	111667.0	168.0	16800.0	52594.0	42105.0	1
170	33.42857142857143	168458.7142857143	170.0	17000.0	99563.0	51725.71428571428	7
175	40.4	264527.8	174.0	17400.0	192942.6	54011.2	5
180	27.375	181961.25	180.0	18000.0	110447.875	53333.375	8
185	40.4	300495.8	184.0	18400.0	224229.8	57682.0	10
