pop	gen	nfe	initnfe	lsnfe	rmnfe	bmnfe	successes
100	79.5	254254.0	100.0	10000.0	206837.0	37317.0	2
130	42.0	129903.0	130.0	13000.0	77266.0	39507.0	1
135	47.25	222519.75	134.0	13400.0	166651.25	42334.5	4
140	89.0	333113.0	140.0	14000.0	253816.0	65157.0	1
145	71.0	463196.0	144.0	14400.0	391827.0	56825.0	1
150	43.4	229504.0	150.0	15000.0	170247.8	44106.2	5
155	71.0	526861.0	154.0	15400.0	447482.0	63825.0	1
157	58.42857142857143	437800.0	156.0	15600.0	367306.28571428574	54737.71428571428	7
158	65.4	447012.2	158.0	15800.0	372332.6	58721.6	5
159	39.5	252804.0	158.0	15800.0	186621.5	50224.5	2
160	47.2	338700.7	160.0	16000.0	269439.5	53101.2	10
161	42.0	292638.3333333333	160.0	16000.0	225682.66666666666	50795.666666666664	3
163	89.57142857142857	702733.5714285715	162.0	16200.0	619841.5714285715	66530.0	7
164	26.5	154225.5	164.0	16400.0	92039.5	45622.0	2
165	54.0	396343.5	164.0	16400.0	324526.7	55252.8	10
170	75.0	689854.7142857143	170.0	17000.0	604605.0	68079.71428571429	7
185	68.8	688063.6	184.0	18400.0	597479.4	72000.2	5
190	58.3	544428.3	190.0	19000.0	451671.9	73566.4	10
