pop	gen	nfe	initnfe	lsnfe	rmnfe	bmnfe	successes
220	48.0	500344.0	220.0	22000.0	385559.0	92565.0	1
310	33.0	575330.0	310.0	31000.0	420256.0	123764.0	1
340	64.83333333333333	1526041.5	340.0	34000.0	1222673.8333333333	269027.6666666667	6
370	5.0	140024.0	370.0	37000.0	28300.0	74354.0	1
430	4.0	144959.0	430.0	43000.0	22699.0	78830.0	1
490	11.0	413262.0	490.0	49000.0	179180.0	184592.0	1
520	23.0	866908.0	520.0	52000.0	542846.0	271542.0	1
550	9.0	405229.0	550.0	55000.0	154446.0	195233.0	1
640	60.25	3015884.0	640.0	64000.0	2498511.5	452732.5	4
670	18.5	1041273.5	670.0	67000.0	696980.25	276623.25	8
730	10.0	747266.5	730.0	73000.0	385102.0	288434.5	2
760	71.66666666666667	4401457.0	760.0	76000.0	3887326.3333333335	437370.6666666667	3
790	3.0	320190.0	790.0	79000.0	53112.0	187288.0	1
820	3.0	391830.0	820.0	82000.0	81209.0	227801.0	1
850	2.0	250942.0	850.0	85000.0	19699.0	145393.0	1
880	8.0	801770.0	880.0	88000.0	303985.0	408905.0	1
890	127.0	9527924.5	890.0	89000.0	8216265.0	1221769.5	2
895	28.666666666666668	2136791.0	894.0	89400.0	1585799.0	460698.0	3
900	29.666666666666668	2299450.777777778	900.0	90000.0	1754141.888888889	454408.8888888889	9
905	13.2	1132553.0	904.0	90400.0	700015.0	341234.0	5
906	20.0	1701788.0	906.0	90600.0	1122704.0	487578.0	1
907	2.5	329277.5	906.0	90600.0	41280.0	196491.5	2
908	13.5	1203729.0	908.0	90800.0	625501.5	486519.5	2
909	15.0	1339541.0	908.0	90800.0	731025.0	516808.0	1
910	7.1	710634.5	910.0	91000.0	263505.5	355219.0	10
914	12.666666666666666	1154719.3333333333	914.0	91400.0	635284.0	427121.3333333333	3
920	96.66666666666667	10341703.333333334	920.0	92000.0	6690916.333333333	3557867.0	3
925	30.333333333333332	2479293.0	924.0	92400.0	2016804.6666666667	369164.3333333333	3
930	11.333333333333334	1068088.0	930.0	93000.0	572455.3333333334	401702.6666666667	3
935	43.8	3543393.0	934.0	93400.0	2861397.8	587661.2	5
