gen	nfe	initnfe	lsnfe	rmnfe	bmnfe	successes
91.18	202483.38999999998	118.6	56928.0	57460.19	87976.6	10.0
22.785337390523758	8083.639225553055	12.90116273829611	6192.558114382133	10892.710308958924	11912.978685366646	0.0
