gen	nfe	initnfe	lsnfe	rmnfe	bmnfe	successes
2.46	113406.55	213.0	85200.0	2477.19	25516.359999999997	10.0
0.3693237062523878	14477.649363294446	28.527180021866865	11410.872008746746	369.6308900781968	3311.742548629045	0.0
