pop	gen	nfe	initnfe	lsnfe	rmnfe	bmnfe	successes
100	79.0	250220.5	100.0	40000.0	126425.5	83695.0	2
130	51.333333333333336	273594.0	130.0	52000.0	117759.83333333333	103704.16666666667	6
160	49.2	332419.8	160.0	64000.0	140081.6	128178.2	5
190	50.0	417830.0	190.0	76000.0	186505.0	155135.0	1
220	45.714285714285715	451668.5714285714	220.0	88000.0	184736.85714285713	178711.7142857143	7
225	38.1	432529.7	224.0	89600.0	159447.0	183258.7	10
226	41.1	438286.5	226.0	90400.0	169884.9	177775.6	10
227	40.2	430150.3	226.0	90400.0	166094.8	173429.5	10
228	33.4	417352.8	228.0	91200.0	145868.2	180056.6	10
230	29.0	395371.7	230.0	92000.0	127902.6	175239.1	10
231	83.33333333333333	618596.3333333334	230.0	92000.0	322827.3333333333	203539.0	3
232	27.2	394787.1	232.0	92800.0	121461.3	180293.8	10
233	25.9	386350.7	232.0	92800.0	113473.6	179845.1	10
235	30.8	417687.4	234.0	93600.0	135654.2	188199.2	5
245	24.166666666666668	396313.6666666667	244.0	97600.0	114969.16666666667	183500.5	6
250	27.0	423076.8	250.0	100000.0	127755.0	195071.8	10
255	29.8	445703.3	254.0	101600.0	139997.0	203852.3	10
260	49.1	562939.8	260.0	104000.0	243246.1	215433.7	10
265	30.5	464851.7	264.0	105600.0	155111.0	203876.7	10
270	51.0	571749.0	270.0	108000.0	244656.7	218822.3	10
275	18.5	421086.8	274.0	109600.0	99151.1	212061.7	10
