pop	gen	nfe	initnfe	lsnfe	rmnfe	bmnfe	successes
40	88.0	36177.0	40.0	4000.0	10687.0	21450.0	1
100	38.0	78822.0	100.0	10000.0	13358.0	55364.0	1
130	89.77777777777777	265908.1111111111	130.0	13000.0	44136.22222222222	208641.88888888888	9
190	114.33333333333333	644269.3333333334	190.0	19000.0	87727.0	537352.3333333334	3
195	78.5	456012.0	194.0	19400.0	59883.5	376534.5	2
200	67.2	435833.3	200.0	20000.0	53678.5	361954.8	10
205	75.0	485721.0	204.0	20400.0	62811.0	402306.0	1
210	72.5	503446.5	210.0	21000.0	62854.5	419382.0	10
215	51.4	385832.4	214.0	21400.0	43852.0	320366.4	10
220	60.2	476475.1	220.0	22000.0	54426.0	399829.1	10
225	60.666666666666664	469865.0	224.0	22400.0	53971.333333333336	393269.6666666667	3
230	51.9	430695.2	230.0	23000.0	47947.4	359517.8	10
232	68.66666666666667	592470.6666666666	232.0	23200.0	67057.33333333333	501981.3333333333	3
233	52.0	452330.6666666667	232.0	23200.0	48194.333333333336	380704.3333333333	3
234	51.9	458357.1	234.0	23400.0	49191.5	385531.6	10
235	38.3	349033.3	234.0	23400.0	35531.3	289868.0	10
236	51.5	463211.5	236.0	23600.0	49282.0	390093.5	2
237	54.7	498352.8	236.0	23600.0	53258.7	421258.1	10
238	54.0	497743.4	238.0	23800.0	51817.8	421887.6	10
239	58.6	536964.1	238.0	23800.0	56672.7	456253.4	10
240	56.8	520672.4	240.0	24000.0	55855.6	440576.8	10
245	63.3	593853.1	244.0	24400.0	63596.0	505613.1	10
