pop	gen	nfe	initnfe	lsnfe	rmnfe	bmnfe	successes
70	125.25	124167.5	70.0	7000.0	31197.5	85900.0	4
100	56.333333333333336	118947.0	100.0	10000.0	19550.0	89297.0	3
101	90.4	170253.7	100.0	10000.0	31635.9	128517.8	10
102	62.0	127707.1	102.0	10200.0	21561.8	95843.3	10
103	71.2	143491.8	102.0	10200.0	25540.8	107649.0	10
105	57.1	122769.5	104.0	10400.0	20584.3	91681.2	10
106	60.5	136990.7	106.0	10600.0	22556.5	103728.2	10
107	56.8	129649.2	106.0	10600.0	20736.2	98207.0	10
108	94.33333333333333	200968.33333333334	108.0	10800.0	36167.666666666664	153892.66666666666	3
109	79.1	177296.0	108.0	10800.0	30593.6	135794.4	10
110	76.5	178257.7	110.0	11000.0	30577.9	136569.8	10
115	59.5	153319.7	114.0	11400.0	23829.3	117976.4	10
120	70.9	192741.8	120.0	12000.0	30848.8	149773.0	10
125	69.1	197364.0	124.0	12400.0	30630.1	154209.9	10
130	47.8	154048.8	130.0	13000.0	22131.4	118787.4	10
135	43.5	153766.5	134.0	13400.0	20826.2	119406.3	10
140	55.9	204858.4	140.0	14000.0	28845.4	161873.0	10
145	57.1	215468.5	144.0	14400.0	30605.4	170319.1	10
150	57.7	238951.5	150.0	15000.0	32596.6	191204.9	10
155	38.7	175722.9	154.0	15400.0	21554.9	138614.0	10
160	45.5	215060.0	160.0	16000.0	27302.4	171597.6	10
