pop	gen	nfe	initnfe	lsnfe	rmnfe	bmnfe	successes
18	116.0	15571.333333333334	18.0	1800.0	7614.0	6139.333333333333	3
19	104.0	14143.666666666666	18.0	1800.0	6453.333333333333	5872.333333333333	3
20	97.7	15972.5	20.0	2000.0	7004.3	6948.2	10
21	97.0	15984.125	20.0	2000.0	7120.5	6843.625	8
22	122.5	22027.5	22.0	2200.0	9820.5	9985.0	2
23	104.0	18801.5	22.0	2200.0	8112.5	8467.0	2
24	100.2	20560.5	24.0	2400.0	8112.5	10024.0	10
25	89.7	18955.6	24.0	2400.0	7277.4	9254.2	10
30	72.3	21548.2	30.0	3000.0	6933.8	11584.4	10
35	74.4	26475.5	34.0	3400.0	8152.4	14889.1	10
40	64.0	30526.0	40.0	4000.0	8062.8	18423.2	10
45	71.6	39044.0	44.0	4400.0	10090.5	24509.5	10
50	64.9	43208.9	50.0	5000.0	10152.4	28006.5	10
55	40.1	32427.1	54.0	5400.0	6550.9	20422.2	10
60	37.3	36263.7	60.0	6000.0	6983.2	23220.5	10
65	40.3	42958.5	64.0	6400.0	8241.2	28253.3	10
70	33.6	43473.1	70.0	7000.0	7346.5	29056.6	10
100	25.2	62512.6	100.0	10000.0	8037.6	44375.0	10
