pop	gen	nfe	initnfe	lsnfe	rmnfe	bmnfe	successes
100	149.5	257370.0	100.0	10000.0	54673.0	192597.0	2
190	46.5	276361.0	190.0	19000.0	32434.0	224737.0	2
250	75.5	680149.5	250.0	25000.0	77338.5	577561.0	2
280	58.5	689783.5	280.0	28000.0	68824.5	592679.0	2
310	74.5	1020762.0	310.0	31000.0	102170.0	887282.0	2
340	51.75	872509.875	340.0	34000.0	73393.375	764776.5	8
370	15.5	369827.5	370.0	37000.0	23275.0	309182.5	2
400	22.0	569978.0	400.0	40000.0	36737.0	492841.0	1
430	42.285714285714285	1101521.7142857143	430.0	43000.0	79406.71428571429	978685.0	7
490	26.0	981710.75	490.0	49000.0	56664.0	875556.75	4
495	54.42857142857143	1808062.142857143	494.0	49400.0	123064.28571428571	1635103.857142857	7
500	45.9	1593668.6	500.0	50000.0	102351.9	1440816.7	10
505	33.2	1209564.0	504.0	50400.0	73503.8	1085156.2	10
510	34.9	1301277.8	510.0	51000.0	80158.0	1169609.8	10
515	43.2	1588830.2	514.0	51400.0	100226.2	1436690.0	10
516	28.4	1094954.5	516.0	51600.0	64146.6	978691.9	10
517	49.25	1794826.25	516.0	51600.0	114412.25	1628298.0	4
518	27.11111111111111	1067074.4444444445	518.0	51800.0	61979.11111111111	952777.3333333334	9
519	36.1	1394721.9	518.0	51800.0	87502.3	1254901.6	10
520	21.6	898217.9	520.0	52000.0	49346.5	796351.4	10
521	43.7	1645155.2	520.0	52000.0	103848.8	1488786.4	10
522	33.9	1360679.2	522.0	52200.0	78661.5	1229295.7	10
523	35.3	1359789.3	522.0	52200.0	82340.0	1224727.3	10
524	27.1	1118958.1	524.0	52400.0	63003.8	1003030.3	10
525	22.25	951388.0	524.0	52400.0	51678.0	846786.0	4
530	35.4	1439199.2	530.0	53000.0	85322.8	1300346.4	10
535	50.0	1954454.2	534.0	53400.0	121580.7	1778939.5	10
540	22.333333333333332	1016182.6666666666	540.0	54000.0	54587.0	907055.6666666666	3
545	41.0	1704731.1	544.0	54400.0	100509.8	1549277.3	10
