pop	gen	nfe	initnfe	lsnfe	rmnfe	bmnfe	successes
55	123.66666666666667	72569.0	54.0	5400.0	22889.666666666668	44225.333333333336	3
60	117.66666666666667	81510.66666666667	60.0	6000.0	25707.666666666668	49743.0	3
65	112.6	88299.1	64.0	6400.0	25456.2	56378.9	10
66	62.333333333333336	57222.0	66.0	6600.0	14415.333333333334	36140.666666666664	3
67	66.5	60562.5	66.0	6600.0	15724.5	38172.0	2
68	126.0	100245.0	68.0	6800.0	29306.0	64071.0	1
69	143.33333333333334	117875.66666666667	68.0	6800.0	33974.333333333336	77033.33333333333	3
70	84.2	80329.8	70.0	7000.0	20376.0	52883.8	10
71	86.0	79357.0	70.0	7000.0	22044.5	50242.5	2
72	83.4	82055.3	72.0	7200.0	21087.8	53695.5	10
73	80.2	80121.7	72.0	7200.0	20165.1	52684.6	10
74	92.5	90717.5	74.0	7400.0	24698.5	58545.0	4
75	89.9	92533.0	74.0	7400.0	23307.3	61751.7	10
80	70.2	83749.2	80.0	8000.0	19656.8	56012.4	5
85	86.3	106919.0	84.0	8400.0	25899.4	72535.6	10
90	58.2	88220.8	90.0	9000.0	18145.0	60985.8	10
95	64.5	102130.7	94.0	9400.0	21355.1	71281.6	10
100	66.7	116128.4	100.0	10000.0	23625.6	82402.8	10
130	44.9	131865.5	130.0	13000.0	20762.5	97973.0	10
160	48.9	194353.3	160.0	16000.0	29860.3	148333.0	10
