pop	gen	nfe	initnfe	lsnfe	rmnfe	bmnfe	successes
40	67.5	29603.0	40.0	4000.0	8372.5	17190.5	2
45	107.83333333333333	49958.333333333336	44.0	4400.0	15541.166666666666	29973.166666666668	6
46	139.0	66528.0	46.0	4600.0	21627.0	40255.0	1
47	54.5	31194.5	46.0	4600.0	7650.5	18898.0	2
48	73.33333333333333	41812.333333333336	48.0	4800.0	11832.333333333334	25132.0	3
49	73.0	42620.333333333336	48.0	4800.0	11368.333333333334	26404.0	3
50	89.0	52081.3	50.0	5000.0	14771.2	32260.1	10
51	112.0	63905.0	50.0	5000.0	18827.5	40027.5	4
52	143.0	87120.0	52.0	5200.0	24997.5	56870.5	2
53	92.5	58197.666666666664	52.0	5200.0	15818.833333333334	37126.833333333336	6
54	68.33333333333333	48516.666666666664	54.0	5400.0	12311.666666666666	30751.0	3
55	108.4	70302.6	54.0	5400.0	19475.1	45373.5	10
60	64.2	52792.0	60.0	6000.0	12645.7	34086.3	10
65	74.1	65336.8	64.0	6400.0	15644.4	43228.4	10
70	98.0	95786.6	70.0	7000.0	23115.2	65601.4	10
75	62.0	72500.6	74.0	7400.0	15007.4	50019.2	10
80	69.3	89015.6	80.0	8000.0	18468.3	62467.3	10
85	74.6	103365.0	84.0	8400.0	21052.3	73828.7	10
90	48.6	82962.5	90.0	9000.0	14649.0	59223.5	10
95	53.8	94504.0	94.0	9400.0	17026.1	67983.9	10
100	57.1	111114.3	100.0	10000.0	19535.0	81479.3	10
130	40.8	130516.3	130.0	13000.0	18702.5	98683.8	10
