pop	gen	nfe	initnfe	lsnfe	rmnfe	bmnfe	successes
40	104.0	39690.0	40.0	4000.0	13813.0	21837.0	2
70	78.0	82397.0	70.0	7000.0	19286.0	56041.0	1
100	108.66666666666667	190593.33333333334	100.0	10000.0	38210.0	142283.33333333334	3
110	92.4	191822.6	110.0	11000.0	36750.3	143962.3	10
111	68.5	145911.5	110.0	11000.0	26123.5	108678.0	4
112	82.7	179461.7	112.0	11200.0	32592.3	135557.4	10
113	135.75	282863.25	112.0	11200.0	54737.25	216814.0	4
115	84.4	190429.3	114.0	11400.0	34281.9	144633.4	10
116	62.333333333333336	147522.5	116.0	11600.0	24828.833333333332	110977.66666666667	6
117	84.8	197099.3	116.0	11600.0	35590.1	149793.2	10
119	74.3	179902.3	118.0	11800.0	30455.8	137528.5	10
120	46.75	129112.75	120.0	12000.0	20126.5	96866.25	4
125	94.57142857142857	244735.42857142858	124.0	12400.0	42342.142857142855	189869.2857142857	7
130	96.2	266500.1	130.0	13000.0	45642.7	207727.4	10
135	73.0	225369.33333333334	134.0	13400.0	36041.333333333336	175794.0	3
145	82.3	276506.6	144.0	14400.0	43948.5	218014.1	10
150	52.3	201473.8	150.0	15000.0	28633.9	157689.9	10
155	56.5	225170.4	154.0	15400.0	31697.1	177919.3	10
