pop	gen	nfe	initnfe	lsnfe	rmnfe	bmnfe	successes
30	110.0	29463.0	30.0	3000.0	10834.666666666666	15598.333333333334	3
35	88.75	29789.0	34.0	3400.0	9799.0	16556.0	4
36	101.5	37224.7	36.0	3600.0	12564.7	21024.0	10
37	85.0	32262.0	36.0	3600.0	10553.0	18073.0	1
40	114.0	48208.5	40.0	4000.0	15292.4	28876.1	10
41	90.1	39485.1	40.0	4000.0	11999.0	23446.1	10
42	101.6	46404.6	42.0	4200.0	14397.1	27765.5	10
43	93.7	42987.4	42.0	4200.0	13260.5	25484.9	10
44	113.5	56083.1	44.0	4400.0	16876.1	34763.0	10
45	114.8	56110.4	44.0	4400.0	17151.4	34515.0	5
50	92.3	55800.0	50.0	5000.0	15396.6	35353.4	10
55	75.2	54720.9	54.0	5400.0	13549.4	35717.5	10
60	105.0	84965.8	60.0	6000.0	21926.6	56979.2	10
65	46.166666666666664	46776.666666666664	64.0	6400.0	9785.666666666666	30527.0	6
70	68.1	75613.2	70.0	7000.0	16064.0	52479.2	10
100	38.5	83287.2	100.0	10000.0	12966.1	60221.1	10
130	30.5	109641.3	130.0	13000.0	14193.8	82317.5	10
