pop	gen	nfe	initnfe	lsnfe	rmnfe	bmnfe	successes
40	133.0	52275.5	40.0	4000.0	18500.0	29735.5	4
41	118.5	47105.5	40.0	4000.0	16115.5	26950.0	4
42	132.5	55515.7	42.0	4200.0	18871.4	32402.3	10
43	133.8	56084.6	42.0	4200.0	19025.9	32816.7	10
44	83.5	40403.666666666664	44.0	4400.0	11946.833333333334	24012.833333333332	6
45	126.6	56909.7	44.0	4400.0	18689.2	33776.5	10
46	104.1	51467.2	46.0	4600.0	15995.0	30826.2	10
47	109.22222222222223	54179.88888888889	46.0	4600.0	17491.333333333332	32042.555555555555	9
48	105.28571428571429	57068.857142857145	48.0	4800.0	16739.571428571428	35481.28571428572	7
49	101.14285714285714	55386.28571428572	48.0	4800.0	16651.714285714286	33886.57142857143	7
50	131.0	72272.5	50.0	5000.0	22012.0	45210.5	6
55	82.77777777777777	54082.22222222222	54.0	5400.0	14704.777777777777	33923.444444444445	9
60	80.1	62773.6	60.0	6000.0	15966.0	40747.6	10
65	67.66666666666667	60129.666666666664	64.0	6400.0	14484.666666666666	39181.0	3
70	81.4	81989.0	70.0	7000.0	19431.0	55488.0	10
75	65.8	73893.3	74.0	7400.0	16167.4	50251.9	10
80	75.0	93940.0	80.0	8000.0	20547.6	65312.4	10
85	74.4	102778.3	84.0	8400.0	21391.7	72902.6	10
90	53.4	88402.7	90.0	9000.0	16523.3	62789.4	10
95	57.2	98048.2	94.0	9400.0	18600.4	69953.8	10
100	47.7	94955.5	100.0	10000.0	16597.4	68258.1	10
130	30.9	102705.2	130.0	13000.0	14495.1	75080.1	10
