pop	gen	nfe	initnfe	lsnfe	rmnfe	bmnfe	successes
45	110.66666666666667	50550.666666666664	44.0	4400.0	16368.333333333334	29738.333333333332	3
50	135.0	72642.0	50.0	5000.0	22519.0	45073.0	1
55	143.5	89118.75	54.0	5400.0	27040.0	56624.75	4
65	64.0	58146.666666666664	64.0	6400.0	13682.166666666666	38000.5	6
66	83.0	71161.0	66.0	6600.0	18288.0	46207.0	1
67	85.6	77059.9	66.0	6600.0	19848.4	50545.5	10
68	55.333333333333336	54479.666666666664	68.0	6800.0	12476.0	35135.666666666664	3
69	107.5	96043.8	68.0	6800.0	25248.4	63927.4	10
70	64.4	67014.8	70.0	7000.0	15351.6	44593.2	10
71	92.3	90857.4	70.0	7000.0	21930.4	61857.0	10
72	111.9	112286.9	72.0	7200.0	29388.2	75626.7	10
73	113.55555555555556	113316.22222222222	72.0	7200.0	29049.666666666668	76994.55555555556	9
74	89.0	95245.66666666667	74.0	7400.0	22756.0	65015.666666666664	3
75	69.5	77543.0	74.0	7400.0	17757.5	52311.5	2
80	80.75	102495.25	80.0	8000.0	22746.875	71668.375	8
85	70.0	99380.5	84.0	8400.0	20833.5	70063.0	2
90	73.66666666666667	113988.33333333333	90.0	9000.0	23849.333333333332	81049.0	3
95	70.9	113491.7	94.0	9400.0	23297.1	80700.6	10
100	71.2	129825.6	100.0	10000.0	25367.2	94358.4	5
130	45.9	143735.8	130.0	13000.0	21343.9	109261.9	10
