pop	gen	nfe	initnfe	lsnfe	rmnfe	bmnfe	successes
100	80.5	167394.5	100.0	10000.0	27912.0	129382.5	4
130	76.0	250687.5	130.0	13000.0	34467.0	203090.5	2
190	82.77777777777777	535251.5555555555	190.0	19000.0	59849.555555555555	456212.0	9
220	37.0	319731.0	220.0	22000.0	28903.0	268608.0	1
250	27.0	316706.0	250.0	25000.0	26307.0	265149.0	1
255	50.0	592228.8	254.0	25400.0	49717.0	516857.8	10
265	42.7	538191.8	264.0	26400.0	42905.5	468622.3	10
270	30.0	424431.0	270.0	27000.0	31058.0	366103.0	1
271	59.5	757041.5	270.0	27000.0	60533.5	669238.0	2
272	65.4	857174.1	272.0	27200.0	69922.5	759779.6	10
273	53.7	708705.3	272.0	27200.0	57404.2	623829.1	10
274	55.3	744362.7	274.0	27400.0	58644.1	658044.6	10
275	29.8	421742.5	274.0	27400.0	31961.0	362107.5	10
276	44.6	621426.1	276.0	27600.0	48667.3	544882.8	10
277	62.55555555555556	861334.5555555555	276.0	27600.0	68682.11111111111	764776.4444444445	9
278	58.5	795151.5	278.0	27800.0	63309.0	703764.5	2
279	46.4	634123.2	278.0	27800.0	50266.2	555779.0	10
280	44.5	628264.4	280.0	28000.0	48863.1	551121.3	10
285	63.4	918712.4	284.0	28400.0	73550.4	816478.0	10
290	68.66666666666667	1004745.4444444445	290.0	29000.0	77953.33333333333	897502.1111111111	9
295	72.55555555555556	1104631.5555555555	294.0	29400.0	85098.66666666667	989838.8888888889	9
300	33.5	547050.2	300.0	30000.0	39291.3	477458.9	10
305	37.9	633710.0	304.0	30400.0	44673.1	558332.9	10
