pop	gen	nfe	initnfe	lsnfe	rmnfe	bmnfe	successes
45	93.0	44549.0	44.0	4400.0	13057.0	27048.0	1
50	117.0	64295.0	50.0	5000.0	19573.5	39671.5	2
55	56.0	39860.0	54.0	5400.0	10573.0	23833.0	1
60	133.5	96210.5	60.0	6000.0	27944.75	62205.75	4
61	119.4	85438.2	60.0	6000.0	24417.1	54961.1	10
62	122.0	92443.9	62.0	6200.0	25995.5	60186.4	10
63	136.5	99457.0	62.0	6200.0	28087.25	65107.75	4
64	80.0	67109.5	64.0	6400.0	16989.0	43656.5	2
65	80.1	68127.5	64.0	6400.0	17226.8	44436.7	10
66	89.88888888888889	78977.88888888889	66.0	6600.0	19941.0	52370.88888888889	9
67	74.6	66892.2	66.0	6600.0	16234.3	43991.9	10
68	89.4	81751.1	68.0	6800.0	20739.4	54143.7	10
69	88.5	80895.1	68.0	6800.0	20276.4	53750.7	10
70	103.6	98256.6	70.0	7000.0	25910.8	65275.8	10
80	93.5	113526.0	80.0	8000.0	26058.25	79387.75	4
85	70.5	95429.6	84.0	8400.0	20159.7	66785.9	10
90	69.0	101527.7	90.0	9000.0	21148.0	71289.7	10
95	69.8	114322.9	94.0	9400.0	22879.7	81949.2	10
100	66.7	117697.4	100.0	10000.0	23227.1	84370.3	10
130	47.1	138749.5	130.0	13000.0	21479.1	104140.4	10
160	36.7	162495.4	160.0	16000.0	21306.6	125028.8	10
