pop	gen	nfe	initnfe	lsnfe	rmnfe	bmnfe	successes
45	176.0	81376.0	44.0	4400.0	27686.0	49246.0	1
55	102.33333333333333	66582.0	54.0	5400.0	18770.666666666668	42357.333333333336	3
60	116.9	88180.1	60.0	6000.0	23905.2	58214.9	10
65	83.125	72787.875	64.0	6400.0	17485.25	48838.625	8
70	96.6	95117.0	70.0	7000.0	23063.9	64983.1	10
75	77.5	86120.9	74.0	7400.0	19384.2	59262.7	10
80	67.4	86773.8	80.0	8000.0	18107.7	60586.1	10
85	90.0	118753.0	84.0	8400.0	25403.0	84866.0	2
86	77.5	110917.3	86.0	8600.0	22456.1	79775.2	10
87	83.28571428571429	118623.0	86.0	8600.0	24223.285714285714	85713.71428571429	7
89	83.16666666666667	125093.33333333333	88.0	8800.0	25121.666666666668	91083.66666666667	6
90	51.7	85597.0	90.0	9000.0	15574.4	60932.6	10
91	97.4	144699.2	90.0	9000.0	30829.6	104779.6	5
92	65.7	106277.3	92.0	9200.0	20062.1	76923.2	10
93	64.3	104406.3	92.0	9200.0	19643.2	75471.1	10
94	77.5	128448.0	94.0	9400.0	25188.0	93766.0	2
95	95.1	155676.9	94.0	9400.0	30891.1	115291.8	10
100	78.7	145270.1	100.0	10000.0	26903.1	108267.0	10
130	40.4	126401.6	130.0	13000.0	18363.2	94908.4	10
160	34.1	157174.5	160.0	16000.0	19489.9	121524.6	10
190	27.5	181889.2	190.0	19000.0	19215.7	143483.5	10
