pop	gen	nfe	initnfe	lsnfe	rmnfe	bmnfe	successes
190	145.0	230523.0	190.0	19000.0	143569.0	67764.0	1
220	87.0	178590.0	220.0	22000.0	92648.0	63722.0	1
250	141.4	322734.2	250.0	25000.0	199891.2	97593.0	5
280	108.0	290706.0	280.0	28000.0	157943.0	104483.0	2
310	92.33333333333333	299252.0	310.0	31000.0	154313.66666666666	113628.33333333333	3
340	100.0	346365.5	340.0	34000.0	172889.5	139136.0	2
370	31.8	181287.8	370.0	37000.0	57015.2	86902.6	5
400	60.0	308553.25	400.0	40000.0	127933.5	140219.75	4
430	59.75	325519.75	430.0	43000.0	129779.25	152310.5	8
431	45.22222222222222	277901.22222222225	430.0	43000.0	100836.22222222222	133635.0	9
432	59.0	324000.0	432.0	43200.0	132562.0	147806.0	2
433	61.6	334892.7	432.0	43200.0	141591.7	149669.0	10
434	58.2	329215.7	434.0	43400.0	131019.2	154362.5	10
435	50.7	304106.9	434.0	43400.0	124084.9	136188.0	10
436	58.3	327233.7	436.0	43600.0	130747.0	152450.7	10
437	37.1	249859.1	436.0	43600.0	78747.4	127075.7	10
438	61.0	336731.5	438.0	43800.0	135056.5	157437.0	2
439	43.7	278963.6	438.0	43800.0	97112.3	137613.3	10
440	66.8	366706.4	440.0	44000.0	164059.5	158206.9	10
445	40.0	261208.0	444.0	44400.0	85502.5	130861.5	2
450	63.333333333333336	363439.1666666667	450.0	45000.0	146476.83333333334	171512.33333333334	6
455	78.0	406340.8	454.0	45400.0	191680.0	168806.8	5
460	74.0	417195.3	460.0	46000.0	193481.7	177253.6	10
465	68.4	395098.8	464.0	46400.0	170526.8	177708.0	10
470	43.333333333333336	307957.5	470.0	47000.0	105435.83333333333	155051.66666666666	6
475	64.4	394223.8	474.0	47400.0	170819.4	175530.4	10
480	13.0	174050.0	480.0	48000.0	31652.0	93918.0	1
485	48.3	335539.6	484.0	48400.0	124881.9	161773.7	10
