pop	gen	nfe	initnfe	lsnfe	rmnfe	bmnfe	successes
40	173.0	49248.0	40.0	4000.0	39553.0	5655.0	1
70	114.5	56390.5	70.0	7000.0	38119.0	11201.5	2
100	92.66666666666667	70491.0	100.0	10000.0	41492.5	18898.5	6
130	71.0	80082.0	130.0	13000.0	40435.333333333336	26516.666666666668	3
160	58.5	88767.25	160.0	16000.0	39066.25	33541.0	4
165	96.7	135917.4	164.0	16400.0	76359.7	42993.7	10
170	73.0	112730.3	170.0	17000.0	55992.4	39567.9	10
175	69.9	112226.7	174.0	17400.0	54814.4	39838.3	10
180	71.6	119413.6	180.0	18000.0	58046.1	43187.5	10
185	76.2	129135.7	184.0	18400.0	67065.5	43486.2	10
190	61.9	116010.0	190.0	19000.0	51657.1	45162.9	10
195	47.0	99080.22222222222	194.0	19400.0	39542.11111111111	39944.11111111111	9
200	55.111111111111114	114453.44444444444	200.0	20000.0	47714.11111111111	46539.333333333336	9
205	70.1	137251.4	204.0	20400.0	66404.3	50243.1	10
210	60.1	129942.7	210.0	21000.0	57516.3	51216.4	10
212	61.4	133147.5	212.0	21200.0	58934.5	52801.0	10
213	68.8	144272.5	212.0	21200.0	67945.0	54915.5	10
214	66.7	145247.3	214.0	21400.0	70167.7	53465.6	10
215	46.0	111945.8	214.0	21400.0	43897.5	46434.3	10
216	44.5	110686.6	216.0	21600.0	42398.5	46472.1	10
217	37.8	99060.9	216.0	21600.0	34780.8	42464.1	10
218	66.1	143649.2	218.0	21800.0	68245.9	53385.3	10
219	58.8	134203.9	218.0	21800.0	59050.2	53135.7	10
