pop	gen	nfe	initnfe	lsnfe	rmnfe	bmnfe	successes
70	4.0	12879.0	70.0	10500.0	425.0	1884.0	1
100	2.7777777777777777	18258.333333333332	100.0	15000.0	518.4444444444445	2639.8888888888887	9
110	3.0	20075.0	110.0	16500.0	534.3333333333334	2930.6666666666665	3
115	2.1666666666666665	20664.166666666668	114.0	17100.0	459.5	2990.6666666666665	6
120	3.5	21917.5	120.0	18000.0	615.75	3181.75	4
125	2.5	22522.5	124.0	18600.0	546.5	3252.0	2
126	3.0	23070.0	126.0	18900.0	763.0	3281.0	1
127	3.0	23070.0	126.0	18900.0	763.0	3281.0	1
128	2.0	23175.5	128.0	19200.0	452.0	3395.5	2
129	3.0	23343.0	128.0	19200.0	549.0	3466.0	1
130	2.1	23543.9	130.0	19500.0	489.8	3424.1	10
131	3.4444444444444446	23785.444444444445	130.0	19500.0	737.2222222222222	3418.222222222222	9
132	1.3333333333333333	23772.666666666668	132.0	19800.0	404.0	3436.6666666666665	3
133	1.8	23845.5	132.0	19800.0	465.0	3448.5	10
134	2.6	24299.8	134.0	20100.0	580.2	3485.6	5
135	2.5	24311.0	134.0	20100.0	523.0	3554.0	2
140	1.7	25265.3	140.0	21000.0	487.3	3638.0	10
145	1.3333333333333333	25929.0	144.0	21600.0	411.0	3774.0	3
150	2.1	27191.6	150.0	22500.0	573.4	3968.2	10
155	1.4	27723.4	154.0	23100.0	427.0	4042.4	5
160	3.0	29169.0	160.0	24000.0	759.0	4250.0	2
190	3.1	34604.0	190.0	28500.0	943.9	4970.1	10
