pop	gen	nfe	initnfe	lsnfe	rmnfe	bmnfe	successes
75	2.75	13490.5	74.0	11100.0	385.25	1931.25	4
80	4.0	14761.0	80.0	12000.0	529.0	2152.0	1
90	2.0	16302.0	90.0	13500.0	366.75	2345.25	4
91	3.0	16468.0	90.0	13500.0	556.0	2322.0	1
94	2.0	17081.8	94.0	14100.0	406.6	2481.2	5
95	2.2	17074.8	94.0	14100.0	394.6	2486.2	10
96	1.6666666666666667	17376.666666666668	96.0	14400.0	388.3333333333333	2492.3333333333335	3
97	1.6666666666666667	17350.333333333332	96.0	14400.0	391.0	2463.3333333333335	3
98	1.9	17802.9	98.0	14700.0	394.3	2610.6	10
99	2.0	17811.75	98.0	14700.0	387.75	2626.0	4
100	2.6	18239.6	100.0	15000.0	479.5	2660.1	10
105	1.5714285714285714	18793.714285714286	104.0	15600.0	386.14285714285717	2703.5714285714284	7
110	1.75	19906.5	110.0	16500.0	424.0	2872.5	8
115	4.0	20895.0	114.0	17100.0	577.0	3104.0	1
125	1.75	22420.5	124.0	18600.0	417.75	3278.75	4
130	2.2	23566.8	130.0	19500.0	515.3	3421.5	10
160	2.4	28985.8	160.0	24000.0	642.2	4183.6	5
190	5.0	35119.0	190.0	28500.0	1465.0	4964.0	1
220	3.3	40038.5	220.0	33000.0	1076.2	5742.3	10
