pop	gen	nfe	initnfe	lsnfe	rmnfe	bmnfe	successes
70	2.0	12623.0	70.0	10500.0	304.0	1749.0	3
130	2.0	23248.285714285714	130.0	19500.0	353.42857142857144	3264.8571428571427	7
140	1.0	24691.0	140.0	21000.0	186.0	3365.0	1
145	2.0	25777.0	144.0	21600.0	427.0	3606.0	1
146	1.6	26140.0	146.0	21900.0	400.5	3693.5	10
147	1.6	26160.0	146.0	21900.0	409.0	3705.0	10
148	1.2	26468.4	148.0	22200.0	321.6	3798.8	10
149	1.2	26459.5	148.0	22200.0	316.5	3795.0	10
150	3.0	26843.0	150.0	22500.0	482.3	3710.7	10
151	1.7142857142857142	26810.571428571428	150.0	22500.0	380.2857142857143	3780.285714285714	7
152	1.0	27111.0	152.0	22800.0	346.0	3813.0	2
153	1.0	27111.0	152.0	22800.0	346.0	3813.0	2
154	1.5	27394.0	154.0	23100.0	334.8	3805.2	10
160	1.5	28526.1	160.0	24000.0	367.4	3998.7	10
165	7.0	30066.0	164.0	24600.0	1186.0	4116.0	1
170	2.0	30342.0	170.0	25500.0	484.9	4187.1	10
180	2.6	32099.4	180.0	27000.0	480.2	4439.2	5
185	2.2	32940.0	184.0	27600.0	529.8	4626.2	5
190	2.375	34040.25	190.0	28500.0	580.25	4770.0	8
220	1.4	39240.5	220.0	33000.0	490.9	5529.6	10
