pop	gen	nfe	initnfe	lsnfe	rmnfe	bmnfe	successes
70	2.0	12623.0	70.0	10500.0	304.0	1749.0	1
75	2.0	13331.0	74.0	11100.0	383.0	1774.0	3
80	2.0	14322.0	80.0	12000.0	281.0	1961.0	4
82	2.6666666666666665	14836.666666666666	82.0	12300.0	359.8333333333333	2094.8333333333335	6
83	2.6666666666666665	14840.333333333334	82.0	12300.0	370.6666666666667	2087.6666666666665	6
85	3.0	15189.3	84.0	12600.0	410.4	2094.9	10
95	1.5555555555555556	16809.333333333332	94.0	14100.0	298.3333333333333	2317.0	9
100	2.0	17928.1	100.0	15000.0	341.5	2486.6	10
105	5.0	18854.0	104.0	15600.0	534.0	2616.0	2
110	3.0	19795.0	110.0	16500.0	417.0	2768.0	3
115	1.6	20266.4	114.0	17100.0	271.4	2781.0	10
120	3.0	21548.0	120.0	18000.0	407.0	3021.0	3
125	1.0	22043.0	124.0	18600.0	253.0	3066.0	3
190	1.7	33884.8	190.0	28500.0	427.5	4767.3	10
220	2.0	39279.5	220.0	33000.0	558.3	5501.2	10
