gen	nfe	initnfe	lsnfe	rmnfe	bmnfe	successes
1.5639999999999998	46499.8	263.92	39588.0	363.846	6284.033999999999	10.0
0.3497198879103103	6778.323687431871	38.830833109785324	5824.624966467798	75.31310698676559	897.3371621882155	0.0
