pop	gen	nfe	initnfe	lsnfe	rmnfe	bmnfe	successes
130	3.0	23089.0	130.0	19500.0	378.0	3081.0	1
190	3.0	33651.0	190.0	28500.0	376.0	4585.0	1
220	1.0	38629.0	220.0	33000.0	231.0	5178.0	2
255	1.3333333333333333	44717.333333333336	254.0	38100.0	329.6666666666667	6033.666666666667	3
260	1.4285714285714286	45769.142857142855	260.0	39000.0	331.14285714285717	6178.0	7
265	1.5	46544.5	264.0	39600.0	335.0	6345.5	4
266	1.3	46875.7	266.0	39900.0	313.4	6396.3	10
267	1.0	46747.75	266.0	39900.0	243.0	6338.75	4
268	1.5714285714285714	47209.857142857145	268.0	40200.0	367.57142857142856	6374.285714285715	7
269	1.5	47249.0	268.0	40200.0	354.0	6427.0	2
270	1.3	47567.4	270.0	40500.0	340.1	6457.3	10
271	1.6	47626.2	270.0	40500.0	369.9	6486.3	10
272	1.5714285714285714	47804.57142857143	272.0	40800.0	357.85714285714283	6374.714285714285	7
273	1.5	47885.5	272.0	40800.0	379.4	6434.1	10
274	1.25	48096.75	274.0	41100.0	281.375	6441.375	8
275	1.625	48199.0	274.0	41100.0	364.625	6460.375	8
280	1.1	49270.7	280.0	42000.0	337.8	6652.9	10
285	1.0	49790.2	284.0	42600.0	275.2	6631.0	5
290	1.25	50929.0	290.0	43500.0	317.0	6822.0	4
295	2.2	52002.2	294.0	44100.0	571.3	7036.9	10
300	1.3333333333333333	52780.333333333336	300.0	45000.0	358.3333333333333	7122.0	3
305	1.0	53491.333333333336	304.0	45600.0	259.3333333333333	7328.0	3
