pop	gen	nfe	initnfe	lsnfe	rmnfe	bmnfe	successes
100	5.0	18111.0	100.0	15000.0	426.0	2585.0	1
130	1.6666666666666667	23115.666666666668	130.0	19500.0	304.6666666666667	3181.0	3
190	2.0	33651.333333333336	190.0	28500.0	440.0	4521.333333333333	3
220	4.333333333333333	39226.333333333336	220.0	33000.0	774.3333333333334	5232.0	6
311	1.0	54349.4	310.0	46500.0	267.7	7271.7	10
312	2.0	55021.9	312.0	46800.0	467.2	7442.7	10
313	1.7	55020.6	312.0	46800.0	439.8	7468.8	10
314	1.4	55252.1	314.0	47100.0	355.5	7482.6	10
315	1.3	55484.7	314.0	47100.0	392.5	7678.2	10
316	1.5	55871.0	316.0	47400.0	479.0	7676.0	2
317	1.5	55871.0	316.0	47400.0	479.0	7676.0	2
318	1.1	55910.0	318.0	47700.0	309.8	7582.2	10
319	1.1	55949.3	318.0	47700.0	285.1	7646.2	10
320	1.7	56403.1	320.0	48000.0	442.6	7640.5	10
325	2.4	57112.9	324.0	48600.0	541.6	7647.3	10
330	1.1	57910.8	330.0	49500.0	311.6	7769.2	10
335	1.4	58693.7	334.0	50100.0	414.4	7845.3	10
340	1.0	59524.4	340.0	51000.0	244.7	7939.7	10
345	1.2	60505.6	344.0	51600.0	349.8	8211.8	10
350	1.8	61742.3	350.0	52500.0	556.8	8335.5	10
360	1.3	63224.0	360.0	54000.0	355.9	8508.1	10
365	1.5714285714285714	64027.42857142857	364.0	54600.0	366.85714285714283	8696.57142857143	7
