pop	gen	nfe	initnfe	lsnfe	rmnfe	bmnfe	successes
70	2.0	12698.0	70.0	10500.0	340.0	1788.0	1
76	5.0	14200.0	76.0	11400.0	724.0	2000.0	3
77	5.0	14200.0	76.0	11400.0	724.0	2000.0	2
78	2.0	14071.666666666666	78.0	11700.0	284.1111111111111	2009.5555555555557	9
79	2.0	14075.5	78.0	11700.0	287.5	2010.0	6
80	3.0	14542.5	80.0	12000.0	398.2	2064.3	10
81	2.0	14400.8	80.0	12000.0	292.4	2028.4	10
82	1.8	14778.6	82.0	12300.0	298.0	2098.6	10
83	1.6	14764.3	82.0	12300.0	291.5	2090.8	10
84	2.4	15225.1	84.0	12600.0	370.4	2170.7	10
85	3.5	15260.9	84.0	12600.0	441.2	2135.7	10
95	2.0	16972.9	94.0	14100.0	396.6	2382.3	10
100	1.7	18007.4	100.0	15000.0	354.3	2553.1	10
105	2.0	18747.6	104.0	15600.0	376.7	2666.9	10
115	1.9	20485.6	114.0	17100.0	386.0	2885.6	10
120	2.3	21661.3	120.0	18000.0	483.0	3058.3	10
125	1.5	22296.1	124.0	18600.0	423.5	3148.6	10
130	1.3	23294.3	130.0	19500.0	340.9	3323.4	10
160	2.8	28867.7	160.0	24000.0	656.6	4051.1	10
