pop	gen	nfe	initnfe	lsnfe	rmnfe	bmnfe	successes
40	8.285714285714286	8532.714285714286	40.0	4000.0	395.85714285714283	4096.857142857143	7
55	6.666666666666667	11273.333333333334	54.0	5400.0	385.0	5434.333333333333	3
60	9.0	13593.0	60.0	6000.0	460.0	7073.0	1
65	6.25	13268.75	64.0	6400.0	400.625	6404.125	8
66	7.0	14379.0	66.0	6600.0	476.0	7237.0	1
67	7.0	14379.0	66.0	6600.0	476.0	7237.0	1
68	5.444444444444445	13994.888888888889	68.0	6800.0	386.55555555555554	6740.333333333333	9
69	5.444444444444445	13994.888888888889	68.0	6800.0	386.55555555555554	6740.333333333333	9
70	5.2	14537.6	70.0	7000.0	386.5	7081.1	10
71	5.0	14727.0	70.0	7000.0	415.1	7241.9	10
72	5.4	15368.2	72.0	7200.0	467.2	7629.0	10
73	5.3	15365.0	72.0	7200.0	456.9	7636.1	10
75	5.0	15048.125	74.0	7400.0	351.0	7223.125	8
80	4.5	16792.5	80.0	8000.0	396.0	8316.5	2
85	4.3	17306.2	84.0	8400.0	365.0	8457.2	10
90	4.375	18825.875	90.0	9000.0	362.625	9373.25	8
95	4.25	19332.0	94.0	9400.0	371.75	9466.25	4
100	3.4	20327.5	100.0	10000.0	320.8	9906.7	10
130	2.9	26903.4	130.0	13000.0	369.4	13404.0	10
