pop	gen	nfe	initnfe	lsnfe	rmnfe	bmnfe	successes
45	7.333333333333333	9185.333333333334	44.0	4400.0	432.3333333333333	4309.0	3
50	8.0	10613.0	50.0	5000.0	393.0	5170.0	2
55	9.5	11787.25	54.0	5400.0	469.75	5863.5	4
56	5.5	11540.5	56.0	5600.0	350.5	5534.0	2
57	5.5	11808.0	56.0	5600.0	388.5	5763.5	2
60	5.9	12494.2	60.0	6000.0	418.3	6015.9	10
61	6.5	12565.0	60.0	6000.0	429.5	6075.5	2
62	6.0	12772.0	62.0	6200.0	363.25	6146.75	4
63	6.0	12772.0	62.0	6200.0	363.25	6146.75	4
64	7.0	13149.5	64.0	6400.0	439.0	6246.5	2
65	5.4	13365.2	64.0	6400.0	383.4	6517.8	10
70	4.8	14497.8	70.0	7000.0	383.6	7044.2	10
75	4.8	15521.0	74.0	7400.0	390.9	7656.1	10
80	4.9	16948.7	80.0	8000.0	388.5	8480.2	10
85	4.9	17553.2	84.0	8400.0	396.7	8672.5	10
90	4.6	18526.4	90.0	9000.0	384.6	9051.8	10
95	3.8	19452.5	94.0	9400.0	409.7	9548.8	10
100	3.7	21323.8	100.0	10000.0	375.0	10848.8	10
130	3.5	27090.7	130.0	13000.0	373.2	13587.5	10
160	2.5	32745.1	160.0	16000.0	365.2	16219.9	10
