pop	gen	nfe	initnfe	lsnfe	rmnfe	bmnfe	successes
25	18.0	5160.0	24.0	2400.0	414.0	2322.0	1
35	9.333333333333334	7048.333333333333	34.0	3400.0	476.0	3138.3333333333335	3
36	10.75	7772.0	36.0	3600.0	483.25	3652.75	4
37	10.75	7772.0	36.0	3600.0	483.25	3652.75	4
38	12.0	8737.0	38.0	3800.0	597.0	4302.0	1
39	12.0	8737.0	38.0	3800.0	597.0	4302.0	1
40	8.6	8534.3	40.0	4000.0	477.6	4016.7	10
41	7.75	8352.75	40.0	4000.0	428.75	3884.0	4
44	9.666666666666666	9107.666666666666	44.0	4400.0	491.3333333333333	4172.333333333333	3
45	8.428571428571429	9103.0	44.0	4400.0	447.7142857142857	4211.285714285715	7
50	10.0	10701.833333333334	50.0	5000.0	545.0	5106.833333333333	6
55	6.75	11335.25	54.0	5400.0	451.5	5429.75	8
60	7.142857142857143	12331.142857142857	60.0	6000.0	411.42857142857144	5859.714285714285	7
65	5.857142857142857	13078.142857142857	64.0	6400.0	416.2857142857143	6197.857142857143	7
70	5.5	14576.3	70.0	7000.0	441.5	7064.8	10
100	3.5	19696.2	100.0	10000.0	417.9	9178.3	10
