pop	gen	nfe	initnfe	lsnfe	rmnfe	bmnfe	successes
70	8.0	30314.0	70.0	14000.0	818.0	15426.0	1
71	6.75	30159.0	70.0	14000.0	857.75	15231.25	8
72	5.0	30263.0	72.0	14400.0	698.0	15093.0	1
73	5.0	30263.0	72.0	14400.0	698.0	15093.0	1
74	5.0	30583.0	74.0	14800.0	731.0	14978.0	1
75	6.5	31528.7	74.0	14800.0	801.4	15853.3	10
76	6.0	32531.0	76.0	15200.0	777.2	16477.8	5
77	6.0	32342.75	76.0	15200.0	793.75	16273.0	4
78	6.7	33651.1	78.0	15600.0	841.9	17131.2	10
79	6.0	33127.4	78.0	15600.0	824.3	16625.1	10
80	5.4	33868.8	80.0	16000.0	811.5	16977.3	10
85	6.2	35998.2	84.0	16800.0	776.4	18337.8	5
90	5.0	37429.5	90.0	18000.0	743.5	18596.0	2
95	5.5	40071.333333333336	94.0	18800.0	803.3333333333334	20374.0	6
100	4.9	42490.0	100.0	20000.0	766.4	21623.6	10
110	4.3	46413.8	110.0	22000.0	759.8	23544.0	10
115	4.2	48133.7	114.0	22800.0	757.8	24461.9	10
120	3.8	51264.9	120.0	24000.0	798.9	26346.0	10
125	4.0	52289.3	124.0	24800.0	757.4	26607.9	10
130	3.5	55181.5	130.0	26000.0	763.8	28287.7	10
160	3.4	67919.9	160.0	32000.0	731.6	35028.3	10
