pop	gen	nfe	initnfe	lsnfe	rmnfe	bmnfe	successes
70	5.5	29244.5	70.0	14000.0	759.5	14415.0	2
71	5.0	28867.0	70.0	14000.0	836.0	13961.0	1
72	6.0	30334.333333333332	72.0	14400.0	878.6666666666666	14983.666666666666	3
73	7.0	30453.0	72.0	14400.0	740.0	15241.0	1
74	6.2	31259.2	74.0	14800.0	858.7	15526.5	10
75	6.7	31289.6	74.0	14800.0	870.6	15545.0	10
76	6.5	32436.7	76.0	15200.0	877.8	16282.9	10
77	6.2	32095.3	76.0	15200.0	844.8	15974.5	10
78	6.333333333333333	33509.0	78.0	15600.0	924.0	16907.0	3
79	6.75	33846.5	78.0	15600.0	933.75	17234.75	4
80	6.1	34022.7	80.0	16000.0	805.9	17136.8	10
85	4.8	35281.2	84.0	16800.0	785.6	17611.6	5
90	5.4	38336.1	90.0	18000.0	890.3	19355.8	10
95	5.0	39581.7	94.0	18800.0	826.5	19861.2	10
100	4.8	42521.0	100.0	20000.0	842.6	21578.4	10
105	4.4	43543.3	104.0	20800.0	757.0	21882.3	10
110	4.3	46313.7	110.0	22000.0	808.1	23395.6	10
115	4.1	47853.5	114.0	22800.0	814.6	24124.9	10
120	3.6	49967.8	120.0	24000.0	779.7	25068.1	10
125	3.9	52530.8	124.0	24800.0	818.1	26788.7	10
130	3.5	53565.9	130.0	26000.0	761.0	26674.9	10
160	3.1	67480.6	160.0	32000.0	786.4	34534.2	10
