pop	gen	nfe	initnfe	lsnfe	rmnfe	bmnfe	successes
70	5.25	29744.0	70.0	14000.0	841.5	14832.5	4
71	5.0	28958.0	70.0	14000.0	822.0	14066.0	1
74	5.0	31300.0	74.0	14800.0	824.0	15602.0	2
75	6.1	31042.2	74.0	14800.0	813.2	15355.0	10
78	7.0	32952.0	78.0	15600.0	920.0	16354.0	1
79	6.5	32869.5	78.0	15600.0	852.5	16339.0	2
80	6.0	33754.166666666664	80.0	16000.0	843.8333333333334	16830.333333333332	6
85	5.5	35321.6	84.0	16800.0	816.1	17621.5	10
90	5.5	38109.6	90.0	18000.0	840.4	19179.2	10
95	5.2	40150.7	94.0	18800.0	859.1	20397.6	10
100	4.7	41899.4	100.0	20000.0	800.3	20999.1	10
105	4.7	43259.3	104.0	20800.0	817.6	21537.7	10
110	4.5	46825.5	110.0	22000.0	850.7	23864.8	10
115	3.6666666666666665	48182.666666666664	114.0	22800.0	844.0	24424.666666666668	3
120	3.9	50079.9	120.0	24000.0	792.4	25167.5	10
125	4.0	51951.875	124.0	24800.0	816.0	26211.875	8
130	3.0	52697.333333333336	130.0	26000.0	722.0	25845.333333333332	3
160	3.1	66953.1	160.0	32000.0	834.4	33958.7	10
