gen	nfe	initnfe	lsnfe	rmnfe	bmnfe	successes
1.7179999999999997	131941.076	316.0	63200.0	540.5600000000001	67884.516	10.0
0.3427477206342881	22421.05043779671	54.47935388750494	10895.870777500988	41.783891633020495	11521.401479114596	0.0
