pop	gen	nfe	initnfe	lsnfe	rmnfe	bmnfe	successes
100	4.0	42422.0	100.0	20000.0	574.0	21748.0	1
190	2.0	78623.0	190.0	38000.0	452.0	39981.0	1
250	2.0	103893.25	250.0	50000.0	493.75	53149.5	4
280	2.0	117355.0	280.0	56000.0	552.0	60523.0	1
310	1.6666666666666667	129480.0	310.0	62000.0	534.6666666666666	66635.33333333333	3
340	2.0	147779.0	340.0	68000.0	588.0	78851.0	1
345	1.6	143240.8	344.0	68800.0	536.6	73560.2	5
350	1.4285714285714286	143762.57142857142	350.0	70000.0	511.85714285714283	72900.71428571429	7
351	1.4	146413.9	350.0	70000.0	533.1	75530.8	10
352	1.4	147540.0	352.0	70400.0	531.9	76256.1	10
353	2.0	150233.0	352.0	70400.0	632.0	78849.0	1
354	2.0	148602.0	354.0	70800.0	590.0	76858.0	1
355	1.6	147707.4	354.0	70800.0	528.7	76024.7	10
356	1.6666666666666667	148133.33333333334	356.0	71200.0	508.5	76068.83333333333	6
357	1.6	148958.6	356.0	71200.0	520.6	76882.0	10
358	1.5	149224.5	358.0	71600.0	544.3	76722.2	10
359	1.5	149449.5	358.0	71600.0	528.5	76963.0	2
360	1.2	148154.8	360.0	72000.0	480.7	75314.1	10
365	1.2	151571.4	364.0	72800.0	523.8	77883.6	5
370	1.3	154481.1	370.0	74000.0	494.7	79616.4	10
375	1.25	155711.5	374.0	74800.0	497.5	80040.0	4
380	1.0	157205.75	380.0	76000.0	527.5	80298.25	4
385	1.75	160256.25	384.0	76800.0	515.5	82556.75	4
390	1.4	163410.1	390.0	78000.0	522.6	84497.5	10
395	1.3	164530.6	394.0	78800.0	503.8	84832.8	10
