pop	gen	nfe	initnfe	lsnfe	rmnfe	bmnfe	successes
160	3.0	67400.0	160.0	32000.0	653.0	34587.0	1
190	2.4	78246.0	190.0	38000.0	556.6	39499.4	5
250	2.0	103507.28571428571	250.0	50000.0	590.5714285714286	52666.71428571428	7
255	2.0	103852.0	254.0	50800.0	472.0	52326.0	1
265	2.0	113263.0	264.0	52800.0	640.0	59559.0	1
270	2.1666666666666665	113823.0	270.0	54000.0	610.5	58942.5	6
275	2.0	114071.5	274.0	54800.0	549.5	58448.0	2
277	2.0	113650.0	276.0	55200.0	582.0	57592.0	6
278	2.0	115715.5	278.0	55600.0	551.0	59286.5	2
279	2.0	118259.5	278.0	55600.0	649.0	61732.5	2
280	1.9	117346.8	280.0	56000.0	560.5	60506.3	10
281	2.0	117082.5	280.0	56000.0	545.5	60257.0	2
282	2.0	117696.5	282.0	56400.0	569.1666666666666	60445.333333333336	6
283	2.1666666666666665	117730.0	282.0	56400.0	581.8333333333334	60466.166666666664	6
284	2.0	116427.0	284.0	56800.0	616.5	58726.5	2
285	1.875	117629.0	284.0	56800.0	563.5	59981.5	8
290	2.142857142857143	122141.0	290.0	58000.0	602.5714285714286	63248.42857142857	7
295	2.0	121425.85714285714	294.0	58800.0	578.5714285714286	61753.28571428572	7
300	2.0	124665.0	300.0	60000.0	570.0	63795.0	1
305	2.0	125648.0	304.0	60800.0	541.0	64003.0	1
