pop	gen	nfe	initnfe	lsnfe	rmnfe	bmnfe	successes
190	2.3333333333333335	79148.66666666667	190.0	38000.0	590.6666666666666	40368.0	3
195	2.3333333333333335	79980.0	194.0	38800.0	574.3333333333334	40411.666666666664	3
200	2.0	81360.25	200.0	40000.0	539.75	40620.5	4
205	2.3333333333333335	86027.0	204.0	40800.0	595.3333333333334	44427.666666666664	3
206	2.0	83549.0	206.0	41200.0	540.0	41603.0	1
208	2.125	86640.5	208.0	41600.0	593.75	44238.75	8
209	2.0	88074.0	208.0	41600.0	583.0	45683.0	1
210	2.1	87329.3	210.0	42000.0	539.7	44579.6	10
211	2.0	86821.0	210.0	42000.0	467.0	44144.0	1
212	3.0	89341.0	212.0	42400.0	608.0	46121.0	1
213	2.5	87764.0	212.0	42400.0	611.0	44541.0	2
214	2.0	86367.0	214.0	42800.0	537.6666666666666	42815.333333333336	3
215	2.0	88731.0	214.0	42800.0	575.6666666666666	45141.333333333336	3
220	2.3	92536.9	220.0	44000.0	604.8	47712.1	10
225	2.5	94433.0	224.0	44800.0	589.0	48820.0	2
230	2.0	95392.0	230.0	46000.0	554.6666666666666	48607.333333333336	3
235	2.0	98384.0	234.0	46800.0	580.0	50770.0	1
240	2.0	100764.0	240.0	48000.0	598.0	51926.0	1
245	2.0	100952.0	244.0	48800.0	566.0	51342.0	4
250	2.2	105538.8	250.0	50000.0	569.4	54719.4	5
280	2.0	118101.0	280.0	56000.0	532.0	61289.0	1
340	1.5	141242.9	340.0	68000.0	521.3	72381.6	10
