gen	nfe	initnfe	lsnfe	rmnfe	bmnfe	successes
1.7399999999999998	225025.86399999997	356.72	107016.0	839.5039999999999	116813.64	10.0
0.3286335345030996	33867.00880273166	54.09289787023802	16227.869361071404	49.670542417010104	17651.105590596868	0.0
