pop	gen	nfe	initnfe	lsnfe	rmnfe	bmnfe	successes
130	54.0	282005.0	130.0	52000.0	127381.0	102494.0	1
160	47.0	313363.0	160.0	64000.0	118955.0	130248.0	1
190	46.5	415371.5	190.0	76000.0	185175.75	154005.75	4
220	73.0	693182.6666666666	220.0	88000.0	429543.6666666667	175419.0	3
250	49.111111111111114	624764.0	250.0	100000.0	320607.22222222225	203906.77777777778	9
310	45.4	781572.0	310.0	124000.0	399134.8	258127.2	5
315	36.666666666666664	634714.0	314.0	125600.0	248621.66666666666	260178.33333333334	3
320	34.714285714285715	640672.0	320.0	128000.0	258314.0	254038.0	7
325	30.25	569449.0	324.0	129600.0	181771.75	257753.25	4
340	57.3	1059723.8	340.0	136000.0	640176.1	283207.7	10
341	45.22222222222222	835374.7777777778	340.0	136000.0	416380.55555555556	282654.22222222225	9
342	13.0	432683.0	342.0	136800.0	58732.0	236809.0	1
343	39.2	775339.1	342.0	136800.0	355553.7	282643.4	10
344	36.0	686875.0	344.0	137600.0	263526.0	285405.0	3
345	35.6	709133.0	344.0	137600.0	297338.1	273850.9	10
346	56.3	1022725.1	346.0	138400.0	590864.7	293114.4	10
347	65.0	1085861.5	346.0	138400.0	631749.5	315366.0	2
348	52.0	916790.0	348.0	139200.0	476206.3333333333	301035.6666666667	6
349	22.6	541563.4	348.0	139200.0	134409.0	267606.4	5
350	50.0	890723.25	350.0	140000.0	446077.5	304295.75	4
355	40.0	799650.0	354.0	141600.0	364661.0	293035.0	4
360	58.333333333333336	1046707.6666666666	360.0	144000.0	577341.0	325006.6666666667	3
365	34.9	734422.2	364.0	145600.0	284715.7	303742.5	10
