pop	gen	nfe	initnfe	lsnfe	rmnfe	bmnfe	successes
70	113.4	269919.8	70.0	28000.0	183408.6	58441.2	5
100	66.0	238497.0	100.0	40000.0	120535.0	77862.0	1
105	61.5	230156.0	104.0	41600.0	110921.0	77531.0	2
106	54.75	220722.25	106.0	42400.0	98394.75	79821.5	4
107	63.1	250127.2	106.0	42400.0	126904.1	80717.1	10
108	62.8	256356.9	108.0	43200.0	130717.2	82331.7	10
109	59.9	245665.5	108.0	43200.0	119776.3	82581.2	10
110	57.7	241673.4	110.0	44000.0	114932.0	82631.4	10
111	67.8	286079.8	110.0	44000.0	156967.0	85002.8	10
112	54.9	234416.4	112.0	44800.0	106640.1	82864.3	10
113	62.2	268035.2	112.0	44800.0	138257.8	84865.4	10
114	54.333333333333336	246988.16666666666	114.0	45600.0	116522.5	84751.66666666667	6
120	55.3	261280.3	120.0	48000.0	121645.1	91515.2	10
125	53.0	254369.0	124.0	49600.0	113425.0	91220.0	1
130	48.6	261866.7	130.0	52000.0	115206.2	94530.5	10
135	47.0	261701.4	134.0	53600.0	108344.8	99622.6	10
140	44.8	269272.3	140.0	56000.0	109153.3	103979.0	10
145	43.0	269866.4	144.0	57600.0	107678.4	104444.0	10
150	55.1	349169.2	150.0	60000.0	175164.6	113854.6	10
155	44.0	319365.0	154.0	61600.0	146063.0	111548.0	3
160	43.0	312625.5	160.0	64000.0	129343.5	119122.0	2
190	37.2	346432.3	190.0	76000.0	133523.9	136718.4	10
