pop	gen	nfe	initnfe	lsnfe	rmnfe	bmnfe	successes
40	135.0	55074.0	40.0	4000.0	19306.0	31728.0	1
70	111.28571428571429	115088.71428571429	70.0	7000.0	27034.14285714286	80984.57142857143	7
100	66.0	131701.6	100.0	10000.0	22907.8	98693.8	5
105	85.5	179401.3	104.0	10400.0	31025.1	137872.2	10
110	61.5	148653.1	110.0	11000.0	23244.0	114299.1	10
115	73.9	186590.3	114.0	11400.0	30086.7	144989.6	10
116	71.9	185473.6	116.0	11600.0	29938.2	143819.4	10
117	55.0	146993.6	116.0	11600.0	21965.5	113312.1	10
118	46.3	131116.6	118.0	11800.0	18379.8	100818.8	10
119	61.3	166392.9	118.0	11800.0	25447.2	129027.7	10
120	50.7	146544.7	120.0	12000.0	21184.5	113240.2	10
121	51.9	147939.5	120.0	12000.0	21606.8	114212.7	10
122	57.2	166063.7	122.0	12200.0	24262.4	129479.3	10
123	63.0	181577.8	122.0	12200.0	26971.9	142283.9	10
124	46.8	143890.6	124.0	12400.0	20153.3	111213.3	10
130	58.2	191904.3	130.0	13000.0	27481.9	151292.4	10
135	48.2	167895.7	134.0	13400.0	22320.0	132041.7	10
140	41.9	156845.6	140.0	14000.0	20729.1	121976.5	10
145	44.3	176537.8	144.0	14400.0	22436.1	139557.7	10
150	56.6	236210.8	150.0	15000.0	30200.1	190860.7	10
155	49.3	217005.0	154.0	15400.0	27165.4	174285.6	10
