pop	gen	nfe	initnfe	lsnfe	rmnfe	bmnfe	successes
20	161.0	26915.0	20.0	2000.0	15536.5	9358.5	2
25	113.66666666666667	24233.666666666668	24.0	2400.0	11266.333333333334	10543.333333333334	3
30	106.4	29803.2	30.0	3000.0	12296.6	14476.6	10
31	97.5	28072.0	30.0	3000.0	11227.5	13814.5	2
32	97.8	31259.0	32.0	3200.0	12439.4	15587.6	10
33	79.2	25580.3	32.0	3200.0	9379.7	12968.6	10
34	94.5	32154.1	34.0	3400.0	12016.9	16703.2	10
35	69.8	24490.4	34.0	3400.0	8283.7	12772.7	10
36	74.6	27948.8	36.0	3600.0	9474.8	14838.0	10
37	87.6	32474.5	36.0	3600.0	11432.6	17405.9	10
38	62.8	26252.3	38.0	3800.0	8297.9	14116.4	10
39	60.4	25728.0	38.0	3800.0	7899.1	13990.9	10
40	75.3	33777.4	40.0	4000.0	10772.3	18965.1	10
45	57.1	30698.4	44.0	4400.0	8439.1	17815.3	10
50	47.9	31604.3	50.0	5000.0	7850.8	18703.5	10
55	45.3	33914.4	54.0	5400.0	7816.9	20643.5	10
60	47.1	42377.7	60.0	6000.0	9220.7	27097.0	10
65	45.3	44420.8	64.0	6400.0	9480.5	28476.3	10
70	38.1	43950.2	70.0	7000.0	8790.6	28089.6	10
100	23.0	54144.8	100.0	10000.0	7511.1	36533.7	10
130	19.7	73375.8	130.0	13000.0	8478.6	51767.2	10
