pop	gen	nfe	initnfe	lsnfe	rmnfe	bmnfe	successes
70	78.6	81440.4	70.0	7000.0	19509.4	54861.0	5
71	81.5	84560.7	70.0	7000.0	19969.2	57521.5	10
72	98.75	106020.25	72.0	7200.0	24449.0	74299.25	4
73	72.0	81004.6	72.0	7200.0	18176.0	55556.6	5
74	61.8	71738.9	74.0	7400.0	15373.6	48891.3	10
75	71.7	83174.7	74.0	7400.0	18232.2	57468.5	10
76	72.9	88935.2	76.0	7600.0	19939.3	61319.9	10
77	104.33333333333333	126308.5	76.0	7600.0	29285.833333333332	89346.66666666667	6
78	47.0	61694.0	78.0	7800.0	11484.0	42332.0	1
79	82.1	100779.0	78.0	7800.0	22431.1	70469.9	10
80	83.44444444444444	108759.55555555556	80.0	8000.0	23696.333333333332	76983.22222222222	9
90	92.6	144863.5	90.0	9000.0	30945.6	104827.9	10
95	80.9	138613.9	94.0	9400.0	27065.8	102054.1	10
100	55.4	108981.0	100.0	10000.0	19113.5	79767.5	10
105	58.9	123103.2	104.0	10400.0	21655.8	90943.4	10
110	57.7	133019.7	110.0	11000.0	22586.9	99322.8	10
115	69.7	167102.6	114.0	11400.0	29386.3	126202.3	10
120	50.7	136500.8	120.0	12000.0	21423.7	102957.1	10
125	45.7	132957.9	124.0	12400.0	20213.8	100220.1	10
130	36.7	119201.6	130.0	13000.0	16521.3	89550.3	10
160	33.2	158015.0	160.0	16000.0	18583.8	123271.2	10
