pop	gen	nfe	initnfe	lsnfe	rmnfe	bmnfe	successes
130	139.0	340865.0	130.0	13000.0	68436.0	259299.0	2
160	73.0	269604.0	160.0	16000.0	42295.0	211149.0	1
165	91.125	355562.125	164.0	16400.0	56452.875	282545.25	8
180	84.6	386839.7	180.0	18000.0	57387.9	311271.8	10
185	78.7	377329.9	184.0	18400.0	54963.7	303782.2	10
186	81.75	402936.125	186.0	18600.0	56812.75	327337.375	8
187	79.75	399194.625	186.0	18600.0	56581.625	323827.0	8
188	60.5	324585.25	188.0	18800.0	41910.25	263687.0	4
189	55.0	293452.5	188.0	18800.0	37456.5	237008.0	2
190	66.3	351874.6	190.0	19000.0	47517.3	285167.3	10
191	75.0	390078.4	190.0	19000.0	53581.6	317306.8	5
192	76.2	408044.2	192.0	19200.0	55443.5	333208.7	10
193	70.0	367585.6666666667	192.0	19200.0	50769.666666666664	297424.0	3
194	41.0	253310.0	194.0	19400.0	29179.0	204537.0	1
200	85.4	479467.0	200.0	20000.0	65165.6	394101.4	5
205	59.857142857142854	366308.5714285714	204.0	20400.0	46610.71428571428	299093.85714285716	7
210	68.9	427652.1	210.0	21000.0	55080.1	351362.0	10
215	88.28571428571429	548659.0	214.0	21400.0	71806.57142857143	455238.4285714286	7
220	77.28571428571429	512498.4285714286	220.0	22000.0	65779.57142857143	424498.85714285716	7
250	48.9	440388.0	250.0	25000.0	47435.8	367702.2	10
