pop	gen	nfe	initnfe	lsnfe	rmnfe	bmnfe	successes
50	84.0	50794.0	50.0	5000.0	14558.0	31186.0	1
60	127.25	93993.25	60.0	6000.0	27192.5	60740.75	4
66	74.0	69586.0	66.0	6600.0	16333.5	46586.5	2
67	101.5	89896.0	66.0	6600.0	23627.0	59603.0	2
70	116.0	109102.8	70.0	7000.0	29184.1	72848.7	10
71	83.5	83348.5	70.0	7000.0	19272.0	57006.5	2
72	83.0	88229.0	72.0	7200.0	21317.0	59640.0	1
73	102.7	106940.6	72.0	7200.0	26066.9	73601.7	10
74	133.83333333333334	141242.0	74.0	7400.0	35407.666666666664	98360.33333333333	6
75	104.7	112760.8	74.0	7400.0	27427.3	77859.5	10
80	108.6	132338.6	80.0	8000.0	30756.4	93502.2	5
90	103.5	149961.0	90.0	9000.0	33283.5	107587.5	2
95	81.85714285714286	131148.85714285713	94.0	9400.0	27021.0	94633.85714285714	7
100	80.2	145319.0	100.0	10000.0	28415.0	106804.0	5
130	61.2	179383.9	130.0	13000.0	28013.3	138240.6	10
160	51.6	221401.9	160.0	16000.0	29874.8	175367.1	10
