pop	gen	nfe	initnfe	lsnfe	rmnfe	bmnfe	successes
130	46.0	127801.0	130.0	13000.0	20500.0	94171.0	1
160	153.0	545730.0	160.0	16000.0	96890.0	432680.0	1
190	69.0	361164.0	190.0	19000.0	51536.0	290438.0	1
250	104.16666666666667	853035.1666666666	250.0	25000.0	106822.83333333333	720962.3333333334	6
280	62.333333333333336	676905.3333333334	280.0	28000.0	71973.66666666667	576651.6666666666	3
285	68.0	735470.3	284.0	28400.0	79429.4	627356.9	10
290	54.0	620071.6	290.0	29000.0	63978.3	526803.3	10
291	52.7	614318.4	290.0	29000.0	63632.6	521395.8	10
292	50.3	577753.1	292.0	29200.0	60374.4	487886.7	10
293	59.9	684961.8	292.0	29200.0	71951.9	583517.9	10
295	44.1	534908.7	294.0	29400.0	52782.6	452432.1	10
296	48.111111111111114	583476.6666666666	296.0	29600.0	58715.333333333336	494865.3333333333	9
297	70.8	819217.2	296.0	29600.0	87306.0	702015.2	10
298	53.4	645350.0	298.0	29800.0	65828.0	549424.0	10
299	52.4	635310.1	298.0	29800.0	64109.2	541102.9	10
300	69.85714285714286	816801.5714285715	300.0	30000.0	88198.85714285714	698302.7142857143	7
305	65.25	789920.625	304.0	30400.0	83771.875	675444.75	8
310	74.4	937031.1	310.0	31000.0	96262.1	809459.0	10
315	77.0	959718.0	314.0	31400.0	101848.33333333333	826155.6666666666	3
320	22.0	352688.0	320.0	32000.0	29136.75	291231.25	4
325	62.6	858105.3	324.0	32400.0	85432.3	739949.0	10
330	42.1	645528.9	330.0	33000.0	58192.4	554006.5	10
335	23.0	411807.0	334.0	33400.0	32122.0	345951.0	1
