pop	gen	nfe	initnfe	lsnfe	rmnfe	bmnfe	successes
70	145.66666666666666	128847.0	70.0	7000.0	38366.333333333336	83410.66666666667	3
100	54.0	100397.0	100.0	10000.0	18608.0	71689.0	1
145	80.2	245574.4	144.0	14400.0	43304.5	187725.9	10
150	83.85714285714286	276985.85714285716	150.0	15000.0	47101.57142857143	214734.2857142857	7
155	79.7	278562.6	154.0	15400.0	45719.7	217288.9	10
156	90.71428571428571	318644.14285714284	156.0	15600.0	52459.71428571428	250428.42857142858	7
157	115.75	384549.75	156.0	15600.0	68917.0	299876.75	4
158	70.3	258987.8	158.0	15800.0	41548.7	201481.1	10
159	83.7	297022.5	158.0	15800.0	50833.4	230231.1	10
160	57.7	227121.8	160.0	16000.0	34487.4	176474.4	10
161	67.1	255919.2	160.0	16000.0	40508.8	199250.4	10
162	91.1	337096.0	162.0	16200.0	55826.1	264907.9	10
163	82.5	309036.1	162.0	16200.0	50580.3	242093.8	10
164	65.0	256500.0	164.0	16400.0	39651.6	200284.4	10
165	58.0	240033.5	164.0	16400.0	35231.5	188238.0	2
170	64.2	268808.6	170.0	17000.0	41636.9	210001.7	10
175	69.6	306404.8	174.0	17400.0	46065.6	242765.2	10
180	69.8	315482.0	180.0	18000.0	47433.2	249868.8	10
185	57.285714285714285	280976.14285714284	184.0	18400.0	40259.142857142855	222133.0	7
190	59.0	301942.9	190.0	19000.0	41903.6	240849.3	10
