pop	gen	nfe	initnfe	lsnfe	rmnfe	bmnfe	successes
16	84.66666666666667	10995.666666666666	16.0	1600.0	5925.666666666667	3454.0	3
17	84.66666666666667	10995.666666666666	16.0	1600.0	5925.666666666667	3454.0	3
19	38.0	6766.0	18.0	1800.0	2575.0	2373.0	1
20	100.0	17421.4	20.0	2000.0	9100.3	6301.1	10
21	98.1	17098.9	20.0	2000.0	8949.9	6129.0	10
22	110.6	20857.6	22.0	2200.0	10361.6	8274.0	10
23	126.1	23357.2	22.0	2200.0	12060.4	9074.8	10
24	107.9	22778.4	24.0	2400.0	10749.6	9604.8	10
25	99.6	21289.6	24.0	2400.0	10117.9	8747.7	10
30	86.1	24704.1	30.0	3000.0	9719.6	11954.5	10
35	50.0	18297.2	34.0	3400.0	5996.8	8866.4	5
40	68.5	30479.9	40.0	4000.0	9342.4	17097.5	10
45	60.6	31272.6	44.0	4400.0	8908.5	17920.1	10
50	39.1	27076.6	50.0	5000.0	6183.1	15843.5	10
55	49.5	36635.8	54.0	5400.0	8779.2	22402.6	10
60	55.0	47329.9	60.0	6000.0	10858.4	30411.5	10
65	41.5	40594.1	64.0	6400.0	8713.0	25417.1	10
70	35.4	42088.4	70.0	7000.0	8063.6	26954.8	10
100	26.8	59089.4	100.0	10000.0	8629.7	40359.7	10
130	21.3	76034.9	130.0	13000.0	9384.9	53520.0	10
