pop	gen	nfe	initnfe	lsnfe	rmnfe	bmnfe	successes
70	147.0	82616.0	70.0	7000.0	61208.0	14338.0	1
100	156.0	125460.0	100.0	10000.0	89903.0	25457.0	1
130	103.0	109716.0	130.0	13000.0	64256.0	32330.0	1
160	141.0	191025.0	160.0	16000.0	118640.0	56225.0	1
220	140.0	267605.0	220.0	22000.0	158136.0	87249.0	1
250	75.5	194405.0	250.0	25000.0	90435.5	78719.5	2
280	64.0	201970.0	280.0	28000.0	85080.0	88610.0	1
285	122.0	331943.6666666667	284.0	28400.0	191550.66666666666	111709.0	3
290	68.7	215687.4	290.0	29000.0	95906.7	90490.7	10
295	56.0	192263.0	294.0	29400.0	75683.0	86886.0	1
300	67.6	226171.1	300.0	30000.0	100019.6	95851.5	10
305	74.0	244187.0	304.0	30400.0	110659.0	102824.0	1
310	91.1	296817.9	310.0	31000.0	155170.8	110337.1	10
315	66.25	233288.875	314.0	31400.0	98832.625	102742.25	8
317	72.2	250714.6	316.0	31600.0	113261.7	105536.9	10
318	114.0	360702.0	318.0	31800.0	197998.0	130586.0	1
319	56.5	213330.9	318.0	31800.0	86834.6	94378.3	10
320	52.0	200512.3	320.0	32000.0	76690.6	91501.7	10
321	54.4	210211.5	320.0	32000.0	87111.6	90779.9	10
322	75.0	260530.0	322.0	32200.0	114237.0	113771.0	2
323	68.0	253485.0	322.0	32200.0	106850.0	114113.0	1
325	91.0	302360.3	324.0	32400.0	155905.9	113730.4	10
