pop	gen	nfe	initnfe	lsnfe	rmnfe	bmnfe	successes
30	154.0	61646.0	30.0	3000.0	35800.0	22816.0	1
36	111.5	55354.0	36.0	3600.0	28266.5	23451.5	2
37	111.5	55354.0	36.0	3600.0	28266.5	23451.5	2
40	104.5	60167.7	40.0	4000.0	28289.4	27838.3	10
50	144.8	115325.2	50.0	5000.0	52027.6	58247.6	5
55	89.16666666666667	83042.16666666667	54.0	5400.0	33738.166666666664	43850.0	6
60	99.0	105294.0	60.0	6000.0	41986.0	57248.0	1
65	100.4	118527.7	64.0	6400.0	44637.5	67426.2	10
70	90.9	125528.0	70.0	7000.0	45142.5	73315.5	10
