gen	nfe	initnfe	lsnfe	rmnfe	bmnfe	successes
2.4579999999999997	52503.905999999995	110.64	44256.0	225.824	7911.441999999999	10.0
0.442307585284268	7952.18054376056	16.744861898504865	6697.944759401947	72.67423631521696	1215.6872397273899	0.0
