pop	gen	nfe	initnfe	lsnfe	rmnfe	bmnfe	successes
70	111.0	228146.0	70.0	28000.0	145299.0	54777.0	1
100	85.0	284749.0	100.0	40000.0	165898.0	78751.0	1
130	60.5	312219.5	130.0	52000.0	159924.5	100165.0	2
160	114.0	543559.5	160.0	64000.0	348015.5	131384.0	2
190	25.666666666666668	315644.3333333333	190.0	76000.0	104497.33333333333	134957.0	6
200	189.0	952654.0	200.0	80000.0	705923.0	166531.0	1
201	41.7	402029.5	200.0	80000.0	173865.6	147963.9	10
202	45.5	413767.3	202.0	80800.0	182492.0	150273.3	10
203	26.6	338742.3	202.0	80800.0	114195.0	143545.3	10
205	24.2	337835.6	204.0	81600.0	108821.2	147210.4	10
206	40.3	409517.7	206.0	82400.0	172499.4	154412.3	10
208	34.3	383620.8	208.0	83200.0	145192.9	155019.9	10
209	23.4	335700.8	208.0	83200.0	107916.5	144376.3	10
210	23.4	344155.7	210.0	84000.0	108148.9	151796.8	10
215	40.4	427959.3	214.0	85600.0	183355.2	158790.1	10
220	25.4	373507.8	220.0	88000.0	123724.3	161563.5	10
225	33.9	422673.5	224.0	89600.0	164607.9	168241.6	10
230	37.5	447376.4	230.0	92000.0	181296.8	173849.6	10
235	49.0	520636.0	234.0	93600.0	245681.0	181121.0	1
240	21.9	379422.1	240.0	96000.0	112176.8	171005.3	10
245	22.5	400659.9	244.0	97600.0	124661.9	178154.0	10
