pop	gen	nfe	initnfe	lsnfe	rmnfe	bmnfe	successes
160	115.0	548320.0	160.0	64000.0	343966.0	140194.0	1
220	24.0	365603.0	220.0	88000.0	106243.0	171140.0	1
280	14.0	426854.0	280.0	112000.0	100109.0	214465.0	1
310	87.4	901787.0	310.0	124000.0	511621.6	265855.4	5
340	27.0	597197.6666666666	340.0	136000.0	199386.0	261471.66666666666	3
370	38.857142857142854	751549.1428571428	370.0	148000.0	303048.85714285716	300130.28571428574	7
375	53.25	861926.375	374.0	149600.0	392291.125	319661.25	8
380	13.333333333333334	586370.0	380.0	152000.0	128855.33333333333	305134.6666666667	3
385	44.2	825593.8	384.0	153600.0	341316.3	330293.5	10
395	38.2	798101.6	394.0	157600.0	304523.8	335583.8	5
400	37.8	816419.7	400.0	160000.0	310775.8	345243.9	10
405	42.666666666666664	832285.1666666666	404.0	161600.0	341516.8333333333	328764.3333333333	6
410	37.42857142857143	856097.0	410.0	164000.0	334719.0	356968.0	7
415	28.1	775992.6	414.0	165600.0	257843.9	352134.7	10
420	40.8	880695.5	420.0	168000.0	352471.4	359804.1	10
421	66.5	1045556.0	420.0	168000.0	511789.0	365347.0	2
422	64.0	1052778.0	422.0	168800.0	506131.0	377425.0	1
423	64.0	1052778.0	422.0	168800.0	506131.0	377425.0	1
425	17.8	679959.3	424.0	169600.0	171887.8	338047.5	10
426	12.0	624728.0	426.0	170400.0	122036.0	331866.0	1
427	24.857142857142858	761855.0	426.0	170400.0	231035.14285714287	359993.85714285716	7
429	41.857142857142854	899225.8571428572	428.0	171200.0	365965.85714285716	361632.0	7
