pop	gen	nfe	initnfe	lsnfe	rmnfe	bmnfe	successes
280	26.0	510424.0	280.0	112000.0	146903.0	251241.0	1
460	73.0	1247272.0	460.0	184000.0	607831.0	454981.0	1
490	54.0	1236064.0	490.0	196000.0	541624.0	497950.0	1
520	91.0	1592206.5	520.0	208000.0	870803.0	512883.5	2
550	60.5	1390936.5	550.0	220000.0	652149.0	518237.5	2
580	93.66666666666667	1889550.3333333333	580.0	232000.0	1066548.6666666667	590421.6666666666	3
610	19.666666666666668	1090595.0	610.0	244000.0	280965.0	565020.0	3
640	9.0	919767.0	640.0	256000.0	132890.0	530237.0	1
700	48.0	1661328.0	700.0	280000.0	675140.0	705488.0	1
760	33.0	1618799.0	760.0	304000.0	567901.5	746137.5	2
790	65.16666666666667	2102646.3333333335	790.0	316000.0	973408.8333333334	812447.5	6
820	143.0	3408159.0	820.0	328000.0	2125475.0	953864.0	1
850	30.0	1775394.0	850.0	340000.0	544802.5	889741.5	2
880	58.5	2247354.5	880.0	352000.0	1003807.5	890667.0	2
890	125.0	3445496.0	890.0	356000.0	2108592.0	980014.0	1
891	47.0	2169504.0	890.0	356000.0	911038.0	901576.0	2
892	90.0	2794635.0	892.0	356800.0	1461928.0	975015.0	1
893	90.0	2794635.0	892.0	356800.0	1461928.0	975015.0	1
894	44.0	2099192.0	894.0	357600.0	825664.5	915033.5	2
895	44.9	2060049.6	894.0	357600.0	781441.7	920113.9	10
896	69.0	2548172.0	896.0	358400.0	1217566.0	971310.0	1
897	105.33333333333333	3197608.6666666665	896.0	358400.0	1846854.6666666667	991458.0	3
898	128.0	3752416.5	898.0	359200.0	2393048.5	999270.0	2
899	63.833333333333336	2386851.1666666665	898.0	359200.0	1072518.0	954235.1666666666	6
900	76.25	2668051.0	900.0	360000.0	1338355.75	968795.25	4
905	127.0	3552957.0	904.0	361600.0	2122998.0	1067455.0	1
910	71.8	2579978.1	910.0	364000.0	1224165.2	990902.9	10
915	43.0	2204493.0	914.0	365600.0	874901.0	963078.0	1
920	35.666666666666664	1981877.6666666667	920.0	368000.0	691833.6666666666	921124.0	3
925	126.0	3802104.0	924.0	369600.0	2361890.0	1069690.0	1
930	165.0	4054191.0	930.0	372000.0	2652433.0	1028828.0	1
935	46.166666666666664	2176866.8333333335	934.0	373600.0	866518.6666666666	935814.1666666666	6
