pop	gen	nfe	initnfe	lsnfe	rmnfe	bmnfe	successes
40	53.0	161593.0	40.0	16000.0	108393.0	37160.0	1
70	19.0	177848.8	70.0	28000.0	99806.3	49972.5	10
75	15.0	142818.66666666666	74.0	29600.0	65138.0	48006.666666666664	3
76	17.4	181404.6	76.0	30400.0	96837.8	54090.8	10
77	19.2	207105.5	76.0	30400.0	120010.5	56619.0	10
78	14.6	161819.5	78.0	31200.0	79104.3	51437.2	10
79	16.6	185141.8	78.0	31200.0	98192.6	55671.2	10
80	11.5	130970.7	80.0	32000.0	52966.5	45924.2	10
81	13.0	163937.66666666666	80.0	32000.0	76506.66666666667	55351.0	3
82	11.8	146897.0	82.0	32800.0	65039.6	48975.4	10
83	13.0	156792.3	82.0	32800.0	73021.0	50889.3	10
84	12.0	154763.9	84.0	33600.0	70305.0	50774.9	10
85	12.7	164401.2	84.0	33600.0	76697.4	54019.8	10
90	11.4	168547.1	90.0	36000.0	75403.9	57053.2	10
95	12.1	191190.3	94.0	37600.0	93548.1	59948.2	10
100	8.8	158999.3	100.0	40000.0	59638.5	59260.8	10
105	7.9	154790.0	104.0	41600.0	54498.0	58588.0	10
110	8.5	176779.3	110.0	44000.0	66270.2	66399.1	10
115	7.6	169512.0	114.0	45600.0	57713.6	66084.4	10
120	7.6	199717.3	120.0	48000.0	80190.0	71407.3	10
125	8.0	211459.2	124.0	49600.0	82645.0	79090.2	10
130	5.6	165218.2	130.0	52000.0	44362.8	68725.4	10
160	4.4	192087.0	160.0	64000.0	45855.9	82071.1	10
