pop	gen	nfe	initnfe	lsnfe	rmnfe	bmnfe	successes
40	38.0	151962.0	40.0	16000.0	105224.0	30698.0	1
70	22.0	215167.3	70.0	28000.0	130797.4	56299.9	10
100	11.571428571428571	224328.7142857143	100.0	40000.0	114529.0	69699.71428571429	7
105	8.0	154213.0	104.0	41600.0	48855.0	63654.0	1
106	12.0	230034.4	106.0	42400.0	110387.2	77141.2	10
107	9.2	184887.0	106.0	42400.0	76229.8	66151.2	10
108	13.5	268992.6	108.0	43200.0	142585.7	83098.9	10
109	8.7	186730.1	108.0	43200.0	74964.1	68458.0	10
110	8.6	177870.3	110.0	44000.0	66842.8	66917.5	10
111	8.6	191832.1	110.0	44000.0	79578.3	68143.8	10
112	9.1	200649.5	112.0	44800.0	84540.1	71197.4	10
113	15.166666666666666	314676.8333333333	112.0	44800.0	177612.33333333334	92152.5	6
114	8.9	202323.2	114.0	45600.0	80855.8	75753.4	10
115	8.0	194569.2	114.0	45600.0	80519.3	68335.9	10
120	11.8	276867.9	120.0	48000.0	137933.7	90814.2	10
125	7.666666666666667	206510.66666666666	124.0	49600.0	82291.0	74495.66666666667	3
130	6.7	200350.2	130.0	52000.0	70884.7	77335.5	10
135	12.0	351063.6666666667	134.0	53600.0	180487.66666666666	116842.0	3
140	5.0	171609.0	140.0	56000.0	39507.0	75962.0	1
145	7.0	247787.33333333334	144.0	57600.0	96925.33333333333	93118.0	6
150	6.1	245595.5	150.0	60000.0	88860.6	96584.9	10
155	8.6	314892.0	154.0	61600.0	139987.9	113150.1	10
160	4.8	213990.4	160.0	64000.0	57509.8	92320.6	10
190	3.7	228170.2	190.0	76000.0	47603.9	104376.3	10
