pop	gen	nfe	initnfe	lsnfe	rmnfe	bmnfe	successes
40	47.0	133676.3	40.0	16000.0	80920.3	36716.0	10
45	37.333333333333336	131807.66666666666	44.0	17600.0	76075.5	38088.166666666664	6
46	33.5	125405.6	46.0	18400.0	68790.6	38169.0	10
47	32.9	123690.8	46.0	18400.0	68214.6	37030.2	10
48	27.0	110712.6	48.0	19200.0	56503.4	34961.2	10
49	29.8	121351.8	48.0	19200.0	63186.0	38917.8	10
50	25.2	108100.4	50.0	20000.0	52077.9	35972.5	10
51	31.2	139757.7	50.0	20000.0	78248.1	41459.6	10
52	24.0	114610.6	52.0	20800.0	55245.1	38513.5	10
53	25.1	123194.2	52.0	20800.0	63797.8	38544.4	10
54	22.3	116239.8	54.0	21600.0	55893.0	38692.8	10
55	23.0	117708.3	54.0	21600.0	58481.6	37572.7	10
60	17.9	113932.4	60.0	24000.0	49500.7	40371.7	10
65	18.2	128736.8	64.0	25600.0	58340.3	44732.5	10
70	13.5	119545.3	70.0	28000.0	48155.2	43320.1	10
75	11.3	113982.7	74.0	29600.0	40147.7	44161.0	10
80	10.3	117421.3	80.0	32000.0	38272.7	47068.6	10
85	10.3	129130.6	84.0	33600.0	45810.4	49636.2	10
90	8.2	121652.1	90.0	36000.0	36652.8	48909.3	10
95	9.8	147075.1	94.0	37600.0	49832.2	59548.9	10
100	6.8	127144.6	100.0	40000.0	35073.8	51970.8	10
130	5.2	157082.1	130.0	52000.0	35001.7	69950.4	10
