pop	gen	nfe	initnfe	lsnfe	rmnfe	bmnfe	successes
40	124.0	56717.5	40.0	4000.0	19235.0	33442.5	2
45	113.5	61925.2	44.0	4400.0	20807.1	36674.1	10
50	69.16666666666667	48324.833333333336	50.0	5000.0	13577.5	29697.333333333332	6
55	71.4	56521.6	54.0	5400.0	15588.0	35479.6	10
60	61.2	58532.3	60.0	6000.0	14535.4	37936.9	10
65	54.9	58887.8	64.0	6400.0	14130.7	38293.1	10
66	73.2	79943.1	66.0	6600.0	19898.8	53378.3	10
67	76.9	83947.0	66.0	6600.0	21207.9	56073.1	10
68	64.3	75732.7	68.0	6800.0	17632.4	51232.3	10
69	54.7	64855.2	68.0	6800.0	14805.0	43182.2	10
70	40.7	53030.5	70.0	7000.0	11278.7	34681.8	10
71	66.7	82945.2	70.0	7000.0	19309.9	56565.3	10
72	49.0	65080.4	72.0	7200.0	14145.5	43662.9	10
73	45.4	60840.7	72.0	7200.0	13123.1	40445.6	10
74	53.5	73702.0	74.0	7400.0	16149.2	50078.8	10
75	58.4	78736.8	74.0	7400.0	17861.4	53401.4	5
80	32.4	54206.7	80.0	8000.0	10261.3	35865.4	10
85	36.8	66758.3	84.0	8400.0	12245.7	46028.6	10
90	30.9	63607.8	90.0	9000.0	11037.0	43480.8	10
95	24.4	56869.3	94.0	9400.0	8942.2	38433.1	10
100	28.3	69605.0	100.0	10000.0	11229.6	48275.4	10
130	26.7	107038.2	130.0	13000.0	15087.9	78820.3	10
