pop	gen	nfe	initnfe	lsnfe	rmnfe	bmnfe	successes
40	78.5	35642.25	40.0	4000.0	13489.5	18112.75	4
45	102.6	53445.0	44.0	4400.0	19498.2	29502.8	10
50	103.4	64295.7	50.0	5000.0	21725.4	37520.3	10
51	98.2	61556.5	50.0	5000.0	21328.9	35177.6	10
52	70.33333333333333	49736.5	52.0	5200.0	15035.166666666666	29449.333333333332	6
53	83.5	56427.5	52.0	5200.0	18098.6	33076.9	10
54	61.1	46034.0	54.0	5400.0	13450.6	27129.4	10
55	52.3	40507.6	54.0	5400.0	11275.9	23777.7	10
56	76.8	58601.3	56.0	5600.0	17707.8	35237.5	10
57	59.5	47236.1	56.0	5600.0	13159.2	28420.9	10
58	57.4	48333.5	58.0	5800.0	13716.0	28759.5	10
59	60.6	51040.5	58.0	5800.0	14470.2	30712.3	10
60	55.9	50064.0	60.0	6000.0	13668.0	30336.0	10
65	66.9	64745.8	64.0	6400.0	18132.1	40149.7	10
70	57.5	66252.8	70.0	7000.0	16982.4	42200.4	10
75	59.7	75148.3	74.0	7400.0	18818.2	48856.1	10
80	53.5	78054.8	80.0	8000.0	18188.4	51786.4	10
85	40.1	66380.4	84.0	8400.0	14124.7	43771.7	10
90	47.8	84566.6	90.0	9000.0	18487.8	56988.8	10
95	36.2	73413.6	94.0	9400.0	14538.7	49380.9	10
100	44.7	95041.7	100.0	10000.0	19556.5	65385.2	10
130	28.2	102587.3	130.0	13000.0	16126.0	73331.3	10
