pop	gen	nfe	initnfe	lsnfe	rmnfe	bmnfe	successes
40	107.0	46524.2	40.0	4000.0	17603.6	24880.6	5
45	102.0	54280.5	44.0	4400.0	20288.0	29548.5	2
46	118.5	64741.1	46.0	4600.0	25033.7	35061.4	10
50	93.2	58999.9	50.0	5000.0	20439.7	33510.2	10
51	120.0	74491.75	50.0	5000.0	27465.0	41976.75	4
52	115.0	73489.0	52.0	5200.0	24459.0	43778.0	1
53	99.9	66092.7	52.0	5200.0	23093.2	37747.5	10
54	121.6	84802.6	54.0	5400.0	30071.6	49277.0	5
55	97.33333333333333	69535.16666666667	54.0	5400.0	22967.666666666668	41113.5	6
60	94.9	80623.0	60.0	6000.0	25303.7	49259.3	10
65	70.0	66960.8	64.0	6400.0	19091.8	41405.0	10
70	95.8	105263.5	70.0	7000.0	31632.0	66561.5	10
75	76.4	92175.4	74.0	7400.0	25926.2	58775.2	10
80	77.1	106523.0	80.0	8000.0	28404.7	70038.3	10
85	50.8	79423.2	84.0	8400.0	18626.0	52313.2	10
90	65.3	111437.5	90.0	9000.0	27844.1	74503.4	10
95	59.7	110119.0	94.0	9400.0	25392.6	75232.4	10
100	61.8	124496.4	100.0	10000.0	28891.8	85504.6	10
130	30.1	107101.2	130.0	13000.0	17836.3	76134.9	10
