pop	gen	nfe	initnfe	lsnfe	rmnfe	bmnfe	successes
40	150.0	61043.0	40.0	4000.0	25397.0	31606.0	2
70	122.0	126857.66666666667	70.0	7000.0	37503.333333333336	82284.33333333333	3
100	88.0	173902.33333333334	100.0	10000.0	39041.333333333336	124761.0	3
135	61.2	211316.2	134.0	13400.0	39090.4	158691.8	10
136	46.0	169667.6	136.0	13600.0	28732.1	127199.5	10
137	61.1	207961.5	136.0	13600.0	39526.8	154698.7	10
138	50.3	185033.9	138.0	13800.0	32097.8	138998.1	10
139	65.1	231601.5	138.0	13800.0	41972.3	175691.2	10
140	43.5	167385.0	140.0	14000.0	27262.5	125982.5	10
141	52.4	198999.0	140.0	14000.0	34109.3	150749.7	10
142	52.7	202791.5	142.0	14200.0	34601.3	153848.2	10
143	56.1	212870.3	142.0	14200.0	37552.8	160975.5	10
144	50.8	200526.5	144.0	14400.0	34472.0	151510.5	10
145	50.9	201357.4	144.0	14400.0	34896.6	151916.8	10
150	47.0	198437.0	150.0	15000.0	32899.0	150388.0	10
155	41.9	190764.0	154.0	15400.0	30361.1	144848.9	10
160	40.8	206026.4	160.0	16000.0	30441.6	159424.8	10
165	50.2	243133.5	164.0	16400.0	39502.2	187067.3	10
170	37.0	207497.4	170.0	17000.0	29985.8	160341.6	5
175	40.1	229688.9	174.0	17400.0	33363.4	178751.5	10
180	43.4	256116.9	180.0	18000.0	38283.5	199653.4	10
185	34.8	223056.9	184.0	18400.0	30549.2	173923.7	10
