pop	gen	nfe	initnfe	lsnfe	rmnfe	bmnfe	successes
40	155.0	68956.0	40.0	4000.0	30635.0	34281.0	1
45	103.125	53370.5	44.0	4400.0	19325.25	29601.25	8
55	110.66666666666667	79895.16666666667	54.0	5400.0	26518.333333333332	47922.833333333336	6
60	71.9	63682.0	60.0	6000.0	17909.2	39712.8	10
65	62.9	63062.6	64.0	6400.0	17406.6	39192.0	10
66	80.2	83757.3	66.0	6600.0	23394.9	53696.4	10
67	61.6	65864.7	66.0	6600.0	17459.6	41739.1	10
68	52.2	59831.8	68.0	6800.0	14533.9	38429.9	10
69	57.5	64853.5	68.0	6800.0	16003.2	41982.3	10
70	52.6	62941.6	70.0	7000.0	15542.3	40329.3	10
71	65.3	76288.0	70.0	7000.0	19864.5	49353.5	10
72	64.1	78832.2	72.0	7200.0	19794.9	51765.3	10
73	54.0	67705.3	72.0	7200.0	15952.4	44480.9	10
74	84.7	103870.0	74.0	7400.0	27852.3	68543.7	10
75	61.0	77981.5	74.0	7400.0	19346.7	51160.8	10
80	80.3	113317.9	80.0	8000.0	28818.8	76419.1	10
85	41.2	71276.8	84.0	8400.0	14695.7	48097.1	10
90	42.3	80401.0	90.0	9000.0	16193.0	55118.0	10
95	48.4	95737.4	94.0	9400.0	19644.0	66599.4	10
100	55.2	120273.6	100.0	10000.0	24649.7	85523.9	10
130	23.2	93612.2	130.0	13000.0	13667.5	66814.7	10
