pop	gen	nfe	initnfe	lsnfe	rmnfe	bmnfe	successes
160	122.33333333333333	500371.5	160.0	16000.0	108170.33333333333	376041.1666666667	6
190	72.4	429535.2	190.0	19000.0	74049.6	336295.6	5
220	55.333333333333336	434275.1666666667	220.0	22000.0	63738.333333333336	348316.8333333333	6
250	86.2	808715.7	250.0	25000.0	124569.8	658895.9	10
255	51.625	541160.75	254.0	25400.0	73440.125	442066.625	8
260	40.666666666666664	458265.3333333333	260.0	26000.0	59730.0	372275.3333333333	3
265	41.5	472594.5	264.0	26400.0	60139.0	385791.5	2
270	52.4	607725.6	270.0	27000.0	81054.4	499401.2	10
275	50.5	617287.75	274.0	27400.0	79339.0	510274.75	4
280	64.5	777945.6	280.0	28000.0	102519.8	647145.8	10
285	44.3	564599.3	284.0	28400.0	72117.7	463797.6	10
286	70.42857142857143	869438.4285714285	286.0	28600.0	122372.71428571429	718179.7142857143	7
287	80.4	961266.1	286.0	28600.0	148293.7	784086.4	10
288	55.4	721910.9	288.0	28800.0	94158.4	598664.5	10
289	68.1	873100.2	288.0	28800.0	113524.2	730488.0	10
290	36.6	512332.1	290.0	29000.0	60715.8	422326.3	10
291	48.8	645839.5	290.0	29000.0	80641.6	535907.9	10
292	47.3	636601.7	292.0	29200.0	79234.8	527874.9	10
293	52.333333333333336	679629.3333333334	292.0	29200.0	87887.16666666667	562250.1666666666	6
294	66.42857142857143	863645.4285714285	294.0	29400.0	114668.85714285714	719282.5714285715	7
295	53.333333333333336	728173.6666666666	294.0	29400.0	92305.0	606174.6666666666	3
300	47.7	678729.9	300.0	30000.0	82276.5	566153.4	10
305	37.3	557757.6	304.0	30400.0	64146.6	462907.0	10
