pop	gen	nfe	initnfe	lsnfe	rmnfe	bmnfe	successes
100	123.66666666666667	226019.0	100.0	10000.0	63167.666666666664	152751.33333333334	3
220	103.6	737066.4	220.0	22000.0	130375.8	584470.6	5
250	73.6	706751.0	250.0	25000.0	105748.8	575752.2	5
255	76.875	735488.875	254.0	25400.0	111003.375	598831.5	8
260	33.75	375794.25	260.0	26000.0	47457.0	302077.25	4
265	81.16666666666667	811356.6666666666	264.0	26400.0	118306.66666666667	666386.0	6
270	68.1	736714.0	270.0	27000.0	108121.7	601322.3	10
272	72.5	788743.0	272.0	27200.0	114970.0	646301.0	10
273	63.166666666666664	697550.5	272.0	27200.0	101553.5	568525.0	6
274	69.2	775832.9	274.0	27400.0	108250.5	639908.4	10
275	54.5	634545.0	274.0	27400.0	86465.7	520405.3	10
276	51.0	605654.0	276.0	27600.0	81388.9	496389.1	10
277	54.1	642467.8	276.0	27600.0	85837.9	528753.9	10
278	41.75	524988.75	278.0	27800.0	69592.0	427318.75	4
279	41.75	524988.75	278.0	27800.0	69592.0	427318.75	4
280	60.4	708493.5	280.0	28000.0	97798.6	582414.9	10
285	62.6	758644.2	284.0	28400.0	101591.4	628368.8	10
290	54.1	678825.6	290.0	29000.0	88349.4	561186.2	10
295	67.9	862047.8	294.0	29400.0	115654.4	716699.4	10
300	67.125	874310.75	300.0	30000.0	118854.75	725156.0	8
305	91.4	1217510.0	304.0	30400.0	168992.4	1017813.6	5
310	47.111111111111114	697596.5555555555	310.0	31000.0	85812.55555555556	580474.0	9
340	54.1	918129.5	340.0	34000.0	108103.8	775685.7	10
