pop	gen	nfe	initnfe	lsnfe	rmnfe	bmnfe	successes
40	133.66666666666666	59838.333333333336	40.0	4000.0	24984.333333333332	30814.0	3
70	66.0	76814.33333333333	70.0	7000.0	20024.0	49720.333333333336	3
75	65.5	82570.5	74.0	7400.0	21053.0	54043.5	2
80	90.6	125459.4	80.0	8000.0	33000.2	84379.2	10
81	112.7	149310.7	80.0	8000.0	41120.6	100110.1	10
82	93.66666666666667	130932.16666666667	82.0	8200.0	34101.0	88549.16666666667	6
83	123.4	168396.4	82.0	8200.0	45874.6	114239.8	5
84	82.1	124965.6	84.0	8400.0	31243.4	85238.2	10
85	68.6	104855.8	84.0	8400.0	25835.5	70536.3	10
86	81.1	128488.6	86.0	8600.0	32015.1	87787.5	10
87	72.8	115729.9	86.0	8600.0	28410.5	78633.4	10
88	91.2	146024.7	88.0	8800.0	36157.6	100979.1	10
89	67.3	110805.2	88.0	8800.0	25778.8	76138.4	10
90	70.8	120702.0	90.0	9000.0	29288.4	82323.6	5
95	75.125	135986.625	94.0	9400.0	32192.75	94299.875	8
100	58.3	120828.4	100.0	10000.0	26718.1	84010.3	10
105	61.4	138070.0	104.0	10400.0	29747.2	97818.8	10
110	67.0	160399.2	110.0	11000.0	34075.8	115213.4	10
115	51.9	137825.3	114.0	11400.0	27208.9	99102.4	10
120	53.6	157726.3	120.0	12000.0	30541.1	115065.2	10
125	45.6	141441.1	124.0	12400.0	26671.5	102245.6	10
130	45.6	153678.6	130.0	13000.0	28047.8	112500.8	10
