pop	gen	nfe	initnfe	lsnfe	rmnfe	bmnfe	successes
100	107.0	212040.0	100.0	10000.0	57368.0	144572.0	1
190	114.0	685631.0	190.0	19000.0	136826.0	529615.0	1
250	62.0	619211.5	250.0	25000.0	90406.5	503555.0	2
280	49.0	625068.8	280.0	28000.0	84848.8	511940.0	5
310	40.857142857142854	648429.4285714285	310.0	31000.0	78683.28571428571	538436.1428571428	7
315	46.8	760912.8	314.0	31400.0	94758.0	634440.8	10
320	45.25	759422.25	320.0	32000.0	92702.0	634400.25	4
326	38.2	673634.4	326.0	32600.0	80628.6	560079.8	5
327	39.25	675544.375	326.0	32600.0	79461.25	563157.125	8
328	37.0	646927.8	328.0	32800.0	75669.2	538130.6	10
329	53.4	913472.3	328.0	32800.0	112853.4	767490.9	10
330	31.5	566127.9	330.0	33000.0	63834.7	468963.2	10
331	35.75	636074.0	330.0	33000.0	72139.5	530604.5	4
332	38.666666666666664	695008.6666666666	332.0	33200.0	79015.16666666667	582461.5	6
333	48.8	856893.1	332.0	33200.0	102462.6	720898.5	10
334	32.0	587675.2	334.0	33400.0	64942.2	488999.0	5
335	23.0	444718.0	334.0	33400.0	47128.25	363855.75	4
340	52.6	971274.3	340.0	34000.0	113741.3	823193.0	10
345	27.2	543294.2	344.0	34400.0	57998.8	450551.4	5
350	32.4	661063.0	350.0	35000.0	71417.1	554295.9	10
355	42.6	846410.5	354.0	35400.0	95146.9	715509.6	10
360	30.9	667459.4	360.0	36000.0	70610.1	560489.3	10
365	45.4	952966.4	364.0	36400.0	108734.3	807468.1	10
