pop	gen	nfe	initnfe	lsnfe	rmnfe	bmnfe	successes
40	71.0	34192.0	40.0	4000.0	11975.0	18177.0	1
70	154.0	165944.0	70.0	7000.0	46741.0	112133.0	1
75	122.0	148886.0	74.0	7400.0	41221.0	100191.0	1
76	112.7	143122.1	76.0	7600.0	38892.1	96554.0	10
78	61.857142857142854	85860.85714285714	78.0	7800.0	20508.285714285714	57474.57142857143	7
80	89.2	125171.7	80.0	8000.0	31342.5	85749.2	10
81	70.5	100220.75	80.0	8000.0	24320.75	67820.0	4
82	125.0	173505.5	82.0	8200.0	46882.0	118341.5	2
84	77.0	124858.0	84.0	8400.0	33050.0	83324.0	1
85	100.6	150632.9	84.0	8400.0	38473.6	103675.3	10
90	84.71428571428571	146264.0	90.0	9000.0	34367.0	102807.0	7
95	74.77777777777777	139685.66666666666	94.0	9400.0	31384.333333333332	98807.33333333333	9
100	88.7	183029.4	100.0	10000.0	40513.8	132415.6	10
105	73.25	166688.75	104.0	10400.0	36535.0	119649.75	4
110	56.6	143938.3	110.0	11000.0	28986.7	103841.6	10
115	59.8	162897.0	114.0	11400.0	31734.5	119648.5	10
120	54.75	161536.25	120.0	12000.0	30857.875	118558.375	8
125	66.8	203487.4	124.0	12400.0	39297.2	151666.2	10
130	60.6	207864.8	130.0	13000.0	37873.5	156861.3	10
