pop	gen	nfe	initnfe	lsnfe	rmnfe	bmnfe	successes
71	119.0	115796.0	70.0	7000.0	38912.333333333336	69813.66666666667	3
72	161.0	174451.0	72.0	7200.0	65843.0	101336.0	1
73	165.0	157225.0	72.0	7200.0	52888.0	97065.0	1
74	148.6	156881.2	74.0	7400.0	52619.0	96788.2	5
75	116.3	127157.0	74.0	7400.0	39193.0	80490.0	10
76	106.6	120226.6	76.0	7600.0	38087.0	74463.6	5
77	117.0	131490.0	76.0	7600.0	41476.5	82337.5	2
78	115.66666666666667	138623.66666666666	78.0	7800.0	42732.666666666664	88013.0	3
79	124.0	146240.0	78.0	7800.0	45541.666666666664	92820.33333333333	3
80	96.5	124298.33333333333	80.0	8000.0	35521.166666666664	80697.16666666667	6
85	81.25	114341.0	84.0	8400.0	30479.0	75378.0	4
90	93.25	142104.5	90.0	9000.0	38972.5	94042.0	4
95	100.5	163649.5	94.0	9400.0	44668.4	109487.1	10
100	84.8	155541.0	100.0	10000.0	40456.7	104984.3	10
105	112.0	213148.66666666666	104.0	10400.0	57260.0	145384.66666666666	9
110	82.2	179112.8	110.0	11000.0	45125.8	122877.0	10
115	66.42857142857143	160580.57142857142	114.0	11400.0	36748.42857142857	112318.14285714286	7
120	70.0	183055.66666666666	120.0	12000.0	43029.333333333336	127906.33333333333	3
125	30.0	90277.5	124.0	12400.0	17959.0	59794.5	2
130	81.5	236574.7	130.0	13000.0	55478.0	167966.7	10
160	50.2	223800.3	160.0	16000.0	40989.6	166650.7	10
190	52.666666666666664	319591.6666666667	190.0	19000.0	55688.333333333336	244713.33333333334	6
220	49.6	382968.7	220.0	22000.0	59115.2	301633.5	10
