pop	gen	nfe	initnfe	lsnfe	rmnfe	bmnfe	successes
40	103.83333333333333	45947.5	40.0	4000.0	18084.666666666668	23822.833333333332	6
41	70.0	32854.0	40.0	4000.0	10873.0	17941.0	1
42	102.875	49631.875	42.0	4200.0	19331.0	26058.875	8
43	89.6	43804.3	42.0	4200.0	16058.7	23503.6	10
44	92.57142857142857	47654.28571428572	44.0	4400.0	17222.571428571428	25987.714285714286	7
45	85.1	45647.4	44.0	4400.0	16786.3	24417.1	10
46	86.33333333333333	47811.666666666664	46.0	4600.0	16679.0	26486.666666666668	3
47	100.6	55245.3	46.0	4600.0	19948.9	30650.4	10
48	84.8	51595.7	48.0	4800.0	17909.8	28837.9	10
49	68.0	42260.5	48.0	4800.0	14061.9	23350.6	10
50	93.8	59789.1	50.0	5000.0	20742.7	33996.4	10
55	63.8	49210.0	54.0	5400.0	14463.0	29293.0	10
60	56.2	50127.5	60.0	6000.0	13641.3	30426.2	10
65	65.2	65269.8	64.0	6400.0	19306.7	39499.1	10
70	49.1	58985.4	70.0	7000.0	14462.2	37453.2	10
75	46.8	61180.6	74.0	7400.0	14597.0	39109.6	10
80	46.7	68989.7	80.0	8000.0	16179.7	44730.0	10
85	46.1	75228.2	84.0	8400.0	16918.2	49826.0	10
90	41.9	77129.6	90.0	9000.0	16668.8	51370.8	10
95	40.9	82791.6	94.0	9400.0	17146.7	56150.9	10
100	42.7	92359.1	100.0	10000.0	19668.1	62591.0	10
130	22.9	88095.5	130.0	13000.0	13457.9	61507.6	10
