pop	gen	nfe	initnfe	lsnfe	rmnfe	bmnfe	successes
15	72.0	9240.0	14.0	1400.0	5273.0	2553.0	1
18	88.5	14043.5	18.0	1800.0	6848.5	5377.0	2
19	59.666666666666664	10186.333333333334	18.0	1800.0	4775.666666666667	3592.6666666666665	3
20	75.6	14601.8	20.0	2000.0	7432.2	5149.6	10
21	75.75	14115.25	20.0	2000.0	6967.5	5127.75	4
22	66.8	14612.7	22.0	2200.0	6663.2	5727.5	10
23	60.2	13841.0	22.0	2200.0	6313.2	5305.8	5
24	65.75	15962.0	24.0	2400.0	6809.0	6729.0	4
25	64.5	15237.0	24.0	2400.0	6296.5	6516.5	2
30	62.888888888888886	20473.444444444445	30.0	3000.0	7538.777777777777	9904.666666666666	9
35	44.2	18434.7	34.0	3400.0	5916.0	9084.7	10
40	47.8	24437.5	40.0	4000.0	7393.0	13004.5	10
45	42.2	26084.4	44.0	4400.0	7126.6	14513.8	10
50	38.5	29303.0	50.0	5000.0	7288.9	16964.1	10
55	37.4	31829.9	54.0	5400.0	7605.9	18770.0	10
60	29.0	31145.6	60.0	6000.0	6541.8	18543.8	10
65	30.0	35448.2	64.0	6400.0	7300.8	21683.4	10
70	27.7	38324.3	70.0	7000.0	7557.9	23696.4	10
100	17.5	47836.7	100.0	10000.0	7040.0	30696.7	10
130	12.0	56374.8	130.0	13000.0	6518.0	36726.8	10
