pop	gen	nfe	initnfe	lsnfe	rmnfe	bmnfe	successes
100	124.5	254347.0	100.0	10000.0	60906.0	183341.0	2
130	95.0	323205.0	130.0	13000.0	58775.5	251299.5	2
160	116.0	521399.6666666667	160.0	16000.0	92493.0	412746.6666666667	3
161	102.5	475493.25	160.0	16000.0	83608.25	375725.0	4
162	95.75	467298.75	162.0	16200.0	77548.0	373388.75	4
163	86.8	414249.2	162.0	16200.0	68401.2	329486.0	5
164	63.333333333333336	325024.3333333333	164.0	16400.0	50591.666666666664	257868.66666666666	3
165	80.5	401441.5	164.0	16400.0	64839.5	320038.0	10
166	90.33333333333333	453795.6666666667	166.0	16600.0	74217.66666666667	362812.0	6
167	79.33333333333333	420266.5	166.0	16600.0	67387.66666666667	336112.8333333333	6
168	88.55555555555556	454348.22222222225	168.0	16800.0	75223.22222222222	362157.0	9
169	100.25	509624.875	168.0	16800.0	85009.0	407647.875	8
170	96.0	507880.5	170.0	17000.0	87522.25	403188.25	4
175	89.1	496355.6	174.0	17400.0	81291.7	397489.9	10
180	86.4	509309.9	180.0	18000.0	77635.4	413494.5	10
185	71.4	451265.4	184.0	18400.0	66220.7	366460.7	10
190	88.5	574683.3	190.0	19000.0	85700.1	469793.2	10
195	67.85714285714286	470710.0	194.0	19400.0	69909.14285714286	381206.85714285716	7
200	120.0	802629.0	200.0	20000.0	123409.0	659020.0	1
205	87.1	641407.6	204.0	20400.0	92247.3	528556.3	10
210	60.0	495411.625	210.0	21000.0	65106.25	409095.375	8
215	78.5	654059.5	214.0	21400.0	87360.5	545085.0	2
