pop	gen	nfe	initnfe	lsnfe	rmnfe	bmnfe	successes
70	65.25	76594.5	70.0	7000.0	19777.0	49747.5	4
100	81.33333333333333	162153.0	100.0	10000.0	36649.333333333336	115403.66666666667	3
130	71.6	231238.7	130.0	13000.0	45431.6	172677.1	10
135	76.6	255305.4	134.0	13400.0	49710.6	192060.8	5
141	36.4	147786.6	140.0	14000.0	24455.0	109191.6	5
142	47.3	186645.2	142.0	14200.0	32421.0	139882.2	10
143	65.3	252142.5	142.0	14200.0	47262.3	190538.2	10
144	56.375	224931.625	144.0	14400.0	39483.0	170904.625	8
145	41.6	172879.9	144.0	14400.0	28918.6	129417.3	10
146	56.0	232824.0	146.0	14600.0	40517.5	177560.5	2
147	49.666666666666664	202927.83333333334	146.0	14600.0	34447.333333333336	153734.5	6
148	43.4	187758.7	148.0	14800.0	31225.0	141585.7	10
149	62.0	251836.85714285713	148.0	14800.0	44543.57142857143	192345.2857142857	7
155	42.6	197213.5	154.0	15400.0	31528.8	150130.7	10
160	41.7	204504.5	160.0	16000.0	32554.6	155789.9	10
165	57.1	291508.8	164.0	16400.0	48682.2	226262.6	10
170	32.9	182535.3	170.0	17000.0	26733.6	138631.7	10
175	40.0	228681.0	174.0	17400.0	34089.0	177018.0	2
180	41.7	257467.1	180.0	18000.0	37713.9	201573.2	10
185	46.4	289446.2	184.0	18400.0	44565.9	226296.3	10
