pop	gen	nfe	initnfe	lsnfe	rmnfe	bmnfe	successes
130	97.0	289944.0	130.0	13000.0	60778.0	216036.0	1
160	142.33333333333334	632545.0	160.0	16000.0	126121.33333333333	490263.6666666667	3
190	72.3	463112.6	190.0	19000.0	76029.2	367893.4	10
195	80.2	533477.6	194.0	19400.0	84791.0	429092.6	10
200	50.0	353011.0	200.0	20000.0	51792.5	281018.5	2
205	82.1	587070.0	204.0	20400.0	96419.4	470046.6	10
210	54.77777777777778	422732.44444444444	210.0	21000.0	63437.11111111111	338085.3333333333	9
215	67.5	538839.4	214.0	21400.0	80612.6	436612.8	10
216	62.4	503636.5	216.0	21600.0	75769.7	406050.8	10
217	49.4	416527.7	216.0	21600.0	58617.2	336094.5	10
218	56.5	470913.7	218.0	21800.0	68354.2	380541.5	10
219	57.6	471209.2	218.0	21800.0	70590.4	378600.8	10
220	36.2	319606.3	220.0	22000.0	42749.1	254637.2	10
221	35.5	310453.25	220.0	22000.0	43622.75	244610.5	4
222	60.3	514848.9	222.0	22200.0	74515.3	417911.6	10
223	41.3	365720.1	222.0	22200.0	50316.0	292982.1	10
224	48.5	426462.9	224.0	22400.0	59924.7	343914.2	10
225	60.1	521901.4	224.0	22400.0	76013.7	423263.7	10
230	43.9	409491.1	230.0	23000.0	55377.2	330883.9	10
240	46.4	473936.8	240.0	24000.0	62344.8	387352.0	10
245	63.9	643043.2	244.0	24400.0	86176.9	532222.3	10
250	35.4	404867.1	250.0	25000.0	49403.1	330214.0	10
280	57.375	737071.375	280.0	28000.0	91179.0	617612.375	8
310	30.6	518623.1	310.0	31000.0	54156.1	433157.0	10
