pop	gen	nfe	initnfe	lsnfe	rmnfe	bmnfe	successes
40	114.0	54488.0	40.0	4000.0	19028.0	31420.0	1
70	46.666666666666664	59824.11111111111	70.0	7000.0	13724.777777777777	39029.333333333336	9
75	57.2	77066.4	74.0	7400.0	18301.6	51290.8	10
80	47.8	76962.2	80.0	8000.0	16753.0	52129.2	10
85	53.2	90221.9	84.0	8400.0	20108.2	61629.7	10
90	41.5	84811.1	90.0	9000.0	17133.4	58587.7	10
95	38.6	82407.2	94.0	9400.0	15973.7	56939.5	10
96	43.6	94635.6	96.0	9600.0	18642.9	66296.7	10
97	42.1	91722.7	96.0	9600.0	18215.9	63810.8	10
98	33.4	78618.5	98.0	9800.0	14199.4	54521.1	10
99	33.2	77500.6	98.0	9800.0	14252.0	53350.6	10
100	31.0	75469.9	100.0	10000.0	13112.7	52257.2	10
101	32.6	81330.5	100.0	10000.0	14271.4	56959.1	10
102	31.4	80813.5	102.0	10200.0	14258.3	56253.2	10
103	30.1	77233.6	102.0	10200.0	13578.8	53352.8	10
104	31.1	81673.3	104.0	10400.0	14560.0	56609.3	10
105	29.0	76199.5	104.0	10400.0	13192.7	52502.8	10
110	26.9	79730.1	110.0	11000.0	12858.1	55762.0	10
115	25.2	80185.3	114.0	11400.0	12624.4	56046.9	10
120	28.4	99108.3	120.0	12000.0	15944.8	71043.5	10
125	27.3	100785.2	124.0	12400.0	15627.7	72633.5	10
130	25.2	101474.6	130.0	13000.0	14858.3	73486.3	10
