pop	gen	nfe	initnfe	lsnfe	rmnfe	bmnfe	successes
100	78.33333333333333	148520.66666666666	100.0	10000.0	32905.333333333336	105515.33333333333	3
105	86.8	175332.4	104.0	10400.0	39425.0	125403.4	10
106	76.0	163100.3	106.0	10600.0	36220.5	116173.8	10
107	77.2	163018.7	106.0	10600.0	36325.9	115986.8	10
108	92.8	199707.2	108.0	10800.0	45439.5	143359.7	10
109	65.2	145451.7	108.0	10800.0	31274.1	103269.6	10
110	53.8	127692.6	110.0	11000.0	25952.5	90630.1	10
111	81.3	181564.8	110.0	11000.0	40194.2	130260.6	10
112	65.1	156295.5	112.0	11200.0	31943.7	113039.8	10
113	82.5	188482.7	112.0	11200.0	42085.3	135085.4	10
114	49.333333333333336	124133.33333333333	114.0	11400.0	24399.333333333332	88220.0	3
115	80.9	192891.0	114.0	11400.0	41927.4	139449.6	10
120	36.166666666666664	106102.16666666667	120.0	12000.0	18982.0	75000.16666666667	6
125	93.8	254930.2	124.0	12400.0	53511.1	188895.1	10
130	50.5	160785.5	130.0	13000.0	29451.9	118203.6	10
135	66.8	219472.8	134.0	13400.0	40983.3	164955.5	10
140	41.0	151633.0	140.0	14000.0	26321.0	111172.0	1
145	53.0	199727.2	144.0	14400.0	34702.8	150480.4	5
150	56.7	227620.1	150.0	15000.0	39220.2	173249.9	10
155	56.1	236114.2	154.0	15400.0	41173.1	179387.1	10
160	34.0	166904.9	160.0	16000.0	25055.9	125689.0	10
190	35.7	234647.2	190.0	19000.0	32649.7	182807.5	10
