pop	gen	nfe	initnfe	lsnfe	rmnfe	bmnfe	successes
40	66.55555555555556	32310.666666666668	40.0	4000.0	10446.555555555555	17824.11111111111	9
41	71.8	34496.3	40.0	4000.0	11586.0	18870.3	10
42	66.4	35073.0	42.0	4200.0	11242.0	19589.0	10
43	58.6	31824.8	42.0	4200.0	9717.0	17865.8	10
44	64.6	36588.6	44.0	4400.0	11380.4	20764.2	10
45	58.1	33737.1	44.0	4400.0	10202.8	19090.3	10
46	61.0	37212.7	46.0	4600.0	10793.4	21773.3	10
47	69.7	41597.9	46.0	4600.0	12953.6	23998.3	10
48	47.4	31655.6	48.0	4800.0	8675.3	18132.3	10
49	58.8	38412.3	48.0	4800.0	10833.3	22731.0	10
50	49.3	35460.6	50.0	5000.0	9478.7	20931.9	10
55	49.3	40844.5	54.0	5400.0	10567.4	24823.1	10
60	47.1	46008.9	60.0	6000.0	11178.9	28770.0	10
65	42.1	46285.5	64.0	6400.0	10416.0	29405.5	10
70	37.8	48214.3	70.0	7000.0	10363.4	30780.9	10
75	36.6	51561.7	74.0	7400.0	10801.5	33286.2	10
80	32.4	53625.3	80.0	8000.0	10568.6	34976.7	10
85	44.0	75452.9	84.0	8400.0	15345.5	51623.4	10
90	30.3	61310.0	90.0	9000.0	11201.1	41018.9	10
95	26.6	58615.0	94.0	9400.0	10065.6	39055.4	10
100	27.0	65910.2	100.0	10000.0	11555.6	44254.6	10
130	19.6	82930.0	130.0	13000.0	11334.1	58465.9	10
