pop	gen	nfe	initnfe	lsnfe	rmnfe	bmnfe	successes
48	81.8	49568.6	48.0	4800.0	16669.0	28051.6	5
49	90.0	54420.0	48.0	4800.0	18199.666666666668	31372.333333333332	3
50	110.5	70076.8	50.0	5000.0	23301.1	41725.7	10
51	106.0	66175.0	50.0	5000.0	22843.0	38282.0	2
52	108.33333333333333	71143.33333333333	52.0	5200.0	23828.833333333332	42062.5	6
53	81.5	55746.0	52.0	5200.0	17478.0	33016.0	2
54	98.375	69545.875	54.0	5400.0	22494.75	41597.125	8
55	82.25	61769.0	54.0	5400.0	18437.0	37878.0	4
65	61.125	61361.25	64.0	6400.0	16039.0	38858.25	8
70	75.1	84548.5	70.0	7000.0	21989.9	55488.6	10
75	87.4	105439.5	74.0	7400.0	27633.7	70331.8	10
80	60.5	87819.4	80.0	8000.0	21079.0	58660.4	10
85	68.4	104544.4	84.0	8400.0	24411.4	71649.0	10
90	62.4	108676.0	90.0	9000.0	24162.1	75423.9	10
95	60.9	116133.8	94.0	9400.0	24316.1	82323.7	10
100	62.8	129225.0	100.0	10000.0	28143.8	90981.2	10
130	34.4	124591.4	130.0	13000.0	20186.2	91275.2	10
160	31.4	165279.6	160.0	16000.0	23531.0	125588.6	10
