pop	gen	nfe	initnfe	lsnfe	rmnfe	bmnfe	successes
41	75.5	36287.5	40.0	4000.0	12732.666666666666	19514.833333333332	6
44	94.5	47562.5	44.0	4400.0	16755.5	26363.0	2
45	88.9	47485.7	44.0	4400.0	16515.0	26526.7	10
46	102.4	56960.8	46.0	4600.0	19193.1	33121.7	10
47	92.3	52757.0	46.0	4600.0	17579.1	30531.9	10
48	88.5	52459.333333333336	48.0	4800.0	17406.666666666668	30204.666666666668	6
49	110.33333333333333	65564.0	48.0	4800.0	23244.666666666668	37471.333333333336	3
50	85.6	56304.3	50.0	5000.0	17692.7	33561.6	10
55	93.6	66779.7	54.0	5400.0	21023.5	40302.2	10
60	70.9	63206.8	60.0	6000.0	17781.6	39365.2	10
65	60.0	60815.9	64.0	6400.0	15981.7	38370.2	10
70	46.2	57780.4	70.0	7000.0	13465.6	37244.8	10
75	49.0	65043.8	74.0	7400.0	15441.4	42128.4	10
80	43.1	65355.4	80.0	8000.0	14613.0	42662.4	10
85	46.6	76000.5	84.0	8400.0	16629.3	50887.2	10
90	38.4	74501.9	90.0	9000.0	14686.7	50725.2	10
95	42.2	87518.1	94.0	9400.0	18371.5	59652.6	10
100	40.5	91667.9	100.0	10000.0	17623.0	63944.9	10
130	25.4	101226.4	130.0	13000.0	14678.7	73417.7	10
160	16.3	98747.0	160.0	16000.0	12047.6	70539.4	10
