pop	gen	nfe	initnfe	lsnfe	rmnfe	bmnfe	successes
100	96.0	176543.0	100.0	10000.0	42767.5	123675.5	2
130	107.0	321860.0	130.0	13000.0	66659.5	242070.5	6
160	87.77777777777777	379810.55555555556	160.0	16000.0	69839.22222222222	293811.3333333333	9
165	83.55555555555556	370672.44444444444	164.0	16400.0	65978.88888888889	288129.55555555556	9
170	89.8	421171.2	170.0	17000.0	76262.4	327738.8	10
175	81.1	402654.0	174.0	17400.0	68566.8	316513.2	10
176	47.25	258366.25	176.0	17600.0	40123.5	200466.75	4
177	91.0	458048.9	176.0	17600.0	81048.9	359224.0	10
178	95.1	486695.6	178.0	17800.0	84518.9	384198.7	10
179	92.8	475346.4	178.0	17800.0	82886.7	374481.7	10
180	41.4	242221.7	180.0	18000.0	36625.8	187415.9	10
181	68.1	364310.9	180.0	18000.0	60999.1	285131.8	10
183	92.3	482964.8	182.0	18200.0	83854.6	380728.2	10
184	64.3	367166.5	184.0	18400.0	60255.4	288327.1	10
190	70.8	422528.9	190.0	19000.0	68195.2	335143.7	10
195	62.7	397849.3	194.0	19400.0	61012.9	317242.4	10
200	63.8	417783.8	200.0	20000.0	63554.6	334029.2	10
205	88.2	574179.5	204.0	20400.0	92691.3	460884.2	10
210	49.9	375640.7	210.0	21000.0	52321.1	302109.6	10
215	64.16666666666667	474262.1666666667	214.0	21400.0	71925.33333333333	380722.8333333333	6
