pop	gen	nfe	initnfe	lsnfe	rmnfe	bmnfe	successes
130	128.0	406835.0	130.0	13000.0	87375.0	306330.0	1
136	53.8	184531.4	136.0	13600.0	35160.3	135635.1	10
137	74.0	255819.2857142857	136.0	13600.0	50950.857142857145	191132.42857142858	7
138	57.6	209083.0	138.0	13800.0	39305.3	155839.7	10
139	62.888888888888886	226248.22222222222	138.0	13800.0	43021.666666666664	169288.55555555556	9
140	57.9	210363.6	140.0	14000.0	39240.0	156983.6	10
141	107.6	376143.2	140.0	14000.0	79485.5	282517.7	10
144	71.5	275367.7	144.0	14400.0	52379.1	208444.6	10
145	137.0	502771.0	144.0	14400.0	102947.0	385280.0	1
150	55.5	233340.9	150.0	15000.0	41935.5	176255.4	10
155	63.3	276223.0	154.0	15400.0	50084.6	210584.4	10
160	75.5	348984.0	160.0	16000.0	63129.5	269694.5	10
165	81.8	399911.4	164.0	16400.0	70803.4	312544.0	10
170	92.4	472000.6	170.0	17000.0	83652.4	371178.2	5
175	87.0	454699.5	174.0	17400.0	81288.0	355837.5	2
180	60.4	342606.1	180.0	18000.0	58438.1	265988.0	10
185	54.3	329390.3	184.0	18400.0	52500.8	258305.5	10
190	29.0	199151.0	190.0	19000.0	27665.0	152296.0	1
220	59.0	494179.8	220.0	22000.0	69798.9	402160.9	10
250	48.4	507096.2	250.0	25000.0	67456.3	414389.9	10
