pop	gen	nfe	initnfe	lsnfe	rmnfe	bmnfe	successes
70	115.25	122939.0	70.0	7000.0	35492.0	80377.0	4
100	103.0	205525.33333333334	100.0	10000.0	50653.666666666664	144771.66666666666	3
130	71.66666666666667	232685.33333333334	130.0	13000.0	44181.333333333336	175374.0	3
135	88.0	289810.5	134.0	13400.0	57486.25	218790.25	4
140	78.9	286566.3	140.0	14000.0	53460.1	218966.2	10
145	79.8	301900.8	144.0	14400.0	56350.9	231005.9	10
150	74.2	307107.1	150.0	15000.0	54356.1	237601.0	10
151	82.7	332594.3	150.0	15000.0	62244.9	255199.4	10
152	65.7	281094.3	152.0	15200.0	48290.8	217451.5	10
153	69.125	295099.5	152.0	15200.0	51582.75	228164.75	8
154	76.5	325423.7	154.0	15400.0	58947.7	250922.0	10
155	51.5	231483.9	154.0	15400.0	37870.3	178059.6	10
156	64.8	288823.9	156.0	15600.0	49931.0	223136.9	10
157	46.6	218034.7	156.0	15600.0	34617.1	167661.6	10
158	59.5	280975.2	158.0	15800.0	46414.9	218602.3	10
159	70.44444444444444	323678.44444444444	158.0	15800.0	55070.0	252650.44444444444	9
160	70.7	328821.1	160.0	16000.0	55300.2	257360.9	10
165	56.6	276532.9	164.0	16400.0	45788.5	214180.4	10
170	43.6	238880.7	170.0	17000.0	36655.2	185055.5	10
175	51.2	287116.4	174.0	17400.0	43470.2	226072.2	10
180	48.57142857142857	292045.0	180.0	18000.0	43175.142857142855	230689.85714285713	7
185	61.5	366708.2	184.0	18400.0	57349.6	290774.6	10
