pop	gen	nfe	initnfe	lsnfe	rmnfe	bmnfe	successes
40	136.0	54832.0	40.0	4000.0	22229.0	28563.0	1
100	41.0	90853.0	100.0	10000.0	17007.0	63746.0	1
105	85.0	173071.0	104.0	10400.0	40532.0	122035.0	1
115	73.28571428571429	187865.14285714287	114.0	11400.0	42242.42857142857	134108.7142857143	7
120	110.0	294159.0	120.0	12000.0	64949.0	217090.0	1
121	76.0	212143.9	120.0	12000.0	44629.7	155394.2	10
124	115.8	327453.8	124.0	12400.0	70868.2	244061.6	5
125	72.3	215113.9	124.0	12400.0	44183.4	158406.5	10
126	51.666666666666664	166450.0	126.0	12600.0	30576.666666666668	123147.33333333333	3
127	93.0	288541.1666666667	126.0	12600.0	61820.833333333336	213994.33333333334	6
128	70.3	219188.7	128.0	12800.0	43804.9	162455.8	10
129	78.1	241855.9	128.0	12800.0	49271.1	179656.8	10
130	81.3	254425.2	130.0	13000.0	52619.2	188676.0	10
135	52.0	186737.0	134.0	13400.0	35022.6	138180.4	5
140	67.5	248115.2	140.0	14000.0	46402.4	187572.8	10
145	106.7	403137.6	144.0	14400.0	82589.5	306004.1	10
150	61.7	258234.5	150.0	15000.0	45352.7	197731.8	10
155	63.25	280470.5	154.0	15400.0	49728.0	215188.5	8
160	62.7	298197.3	160.0	16000.0	52002.9	230034.4	10
