pop	gen	nfe	initnfe	lsnfe	rmnfe	bmnfe	successes
130	48.5	152882.5	130.0	13000.0	29439.5	110313.0	2
160	42.714285714285715	202250.14285714287	160.0	16000.0	33094.42857142857	152995.7142857143	7
165	82.8	370394.0	164.0	16400.0	73892.6	279937.4	10
170	60.3	295784.5	170.0	17000.0	52699.1	225915.4	10
175	69.0	347084.0	174.0	17400.0	58726.0	270784.0	1
180	59.0	318620.8	180.0	18000.0	55742.8	244698.0	10
185	48.7	286680.2	184.0	18400.0	46907.6	221188.6	10
186	44.0	263223.0	186.0	18600.0	41808.666666666664	202628.33333333334	3
187	50.5	295130.4	186.0	18600.0	48839.0	227505.4	10
188	65.0	384645.2	188.0	18800.0	64947.2	300710.0	5
190	43.4	268313.4	190.0	19000.0	42275.4	206848.0	10
191	23.5	165645.5	190.0	19000.0	21222.0	125233.5	4
192	54.2	328828.2	192.0	19200.0	55866.9	253569.3	10
193	30.9	205814.2	192.0	19200.0	30330.7	156091.5	10
194	55.5	350759.5	194.0	19400.0	57980.6	273184.9	10
195	52.5	332282.9	194.0	19400.0	56557.2	256131.7	10
200	42.8	297203.5	200.0	20000.0	45266.2	231737.3	10
205	59.3	397868.7	204.0	20400.0	63551.8	313712.9	10
210	56.8	410908.8	210.0	21000.0	65452.8	324246.0	10
215	44.5	341599.6	214.0	21400.0	53014.3	266971.3	10
220	54.25	428346.5	220.0	22000.0	64015.5	342111.0	4
250	45.6	458745.2	250.0	25000.0	62364.4	371130.8	10
