pop	gen	nfe	initnfe	lsnfe	rmnfe	bmnfe	successes
25	80.83333333333333	18830.333333333332	24.0	2400.0	8162.333333333333	8244.0	6
30	88.8	27724.6	30.0	3000.0	10904.0	13790.6	5
31	103.0	32198.8	30.0	3000.0	13203.4	15965.4	10
32	33.0	13997.0	32.0	3200.0	3963.0	6802.0	1
33	33.0	13997.0	32.0	3200.0	3963.0	6802.0	1
34	88.6	34045.0	34.0	3400.0	12664.6	17946.4	10
35	66.2	26153.9	34.0	3400.0	9313.8	13406.1	10
36	70.6	30020.3	36.0	3600.0	9880.4	16503.9	10
37	65.1	27661.8	36.0	3600.0	8977.6	15048.2	10
38	67.9	31647.8	38.0	3800.0	10473.8	17336.0	10
39	64.2	30329.6	38.0	3800.0	9978.1	16513.5	10
40	54.0	28204.6	40.0	4000.0	8551.0	15613.6	10
45	56.6	34642.0	44.0	4400.0	9778.9	20419.1	10
50	66.5	46926.5	50.0	5000.0	13301.1	28575.4	10
55	53.4	44255.7	54.0	5400.0	11299.7	27502.0	10
60	40.1	41614.3	60.0	6000.0	9478.3	26076.0	10
65	39.2	44378.0	64.0	6400.0	9882.4	28031.6	10
70	42.5	55778.9	70.0	7000.0	11550.6	37158.3	10
100	22.5	60833.7	100.0	10000.0	9489.7	41244.0	10
