pop	gen	nfe	initnfe	lsnfe	rmnfe	bmnfe	successes
70	91.0	96768.0	70.0	7000.0	28514.0	61184.0	1
100	100.66666666666667	184930.55555555556	100.0	10000.0	48569.77777777778	126260.77777777778	9
130	73.8	225168.2	130.0	13000.0	48890.1	163148.1	10
136	47.833333333333336	167661.5	136.0	13600.0	31562.666666666668	122362.83333333333	6
137	54.8	186486.6	136.0	13600.0	35863.8	136886.8	5
138	47.333333333333336	170825.5	138.0	13800.0	31085.166666666668	125802.33333333333	6
139	42.42857142857143	155655.7142857143	138.0	13800.0	27389.14285714286	114328.57142857143	7
140	39.9	149852.3	140.0	14000.0	27829.1	107883.2	10
141	62.333333333333336	219196.5	140.0	14000.0	42525.0	162531.5	6
142	40.8	160686.8	142.0	14200.0	28937.4	117407.4	10
143	44.6	169548.8	142.0	14200.0	31478.5	123728.3	10
144	47.9	182263.7	144.0	14400.0	34409.3	133310.4	10
145	41.0	162979.2	144.0	14400.0	29358.8	119076.4	10
150	46.8	195879.5	150.0	15000.0	34892.8	145836.7	10
155	41.4	182098.9	154.0	15400.0	32297.5	134247.4	10
160	40.2	187748.0	160.0	16000.0	31336.2	140251.8	10
165	45.5	221057.0	164.0	16400.0	37427.9	167065.1	10
170	47.5	244302.2	170.0	17000.0	41018.9	186113.3	10
175	44.1	240019.6	174.0	17400.0	39782.9	182662.7	10
180	43.5	249459.4	180.0	18000.0	40103.9	191175.5	10
185	48.0	291040.0	184.0	18400.0	47775.0	224681.0	1
