pop	gen	nfe	initnfe	lsnfe	rmnfe	bmnfe	successes
45	68.0	35201.0	44.0	4400.0	12318.0	18439.0	1
50	146.0	85681.0	50.0	5000.0	32789.0	47842.0	1
60	123.6	103136.2	60.0	6000.0	33711.6	63364.6	5
65	100.8	93016.0	64.0	6400.0	28795.0	57757.0	10
70	89.7	97860.8	70.0	7000.0	27759.5	63031.3	10
71	86.6	92883.4	70.0	7000.0	26405.6	59407.8	10
72	93.44444444444444	107862.0	72.0	7200.0	31523.88888888889	69066.11111111111	9
73	96.6	110161.4	72.0	7200.0	32074.3	70815.1	10
74	66.66666666666667	83220.0	74.0	7400.0	21765.0	53981.0	3
75	67.7	83247.5	74.0	7400.0	22534.8	53238.7	10
76	93.0	117714.66666666667	76.0	7600.0	32697.333333333332	77341.33333333333	3
77	92.33333333333333	117991.33333333333	76.0	7600.0	31498.333333333332	78817.0	3
78	47.0	66352.33333333333	78.0	7800.0	15663.0	42811.333333333336	3
79	70.2	94396.3	78.0	7800.0	24712.6	61805.7	10
80	84.8	116422.8	80.0	8000.0	31859.3	76483.5	10
85	83.4	126779.6	84.0	8400.0	32872.5	85423.1	10
90	79.7	132894.2	90.0	9000.0	34775.0	89029.2	10
95	70.7	130933.5	94.0	9400.0	31692.8	89746.7	10
100	85.6	168854.7	100.0	10000.0	40958.8	117795.9	10
130	38.4	132109.8	130.0	13000.0	23427.1	95552.7	10
160	36.6	184606.0	160.0	16000.0	29112.6	139333.4	10
190	28.4	201773.9	190.0	19000.0	27889.0	154694.9	10
