pop	gen	nfe	initnfe	lsnfe	rmnfe	bmnfe	successes
40	180.0	69299.0	40.0	4000.0	32790.0	32469.0	1
130	57.5	170954.5	130.0	13000.0	37333.5	120491.0	2
135	78.4	235278.6	134.0	13400.0	53778.3	167966.3	10
136	33.0	117720.0	136.0	13600.0	19258.0	84726.0	1
137	79.5	250974.0	136.0	13600.0	59012.3	178225.7	10
138	82.22222222222223	263053.0	138.0	13800.0	61914.11111111111	187200.88888888888	9
139	77.4	251002.3	138.0	13800.0	58718.7	178345.6	10
140	60.8	208421.7	140.0	14000.0	44276.6	150005.1	10
141	69.7	235311.3	140.0	14000.0	51501.3	169670.0	10
142	58.9	203434.9	142.0	14200.0	42941.7	146151.2	10
143	78.0	262044.4	142.0	14200.0	59339.8	188362.6	10
144	78.1	267802.4	144.0	14400.0	61423.6	191834.8	10
145	66.2	231407.3	144.0	14400.0	49917.1	166946.2	10
150	29.5	124159.0	150.0	15000.0	21162.0	87847.0	2
155	58.6	232605.3	154.0	15400.0	47028.0	170023.3	10
160	52.3	227338.1	160.0	16000.0	43376.7	167801.4	10
170	69.0	313943.8	170.0	17000.0	63178.7	233595.1	10
175	45.2	230087.3	174.0	17400.0	41290.8	171222.5	10
180	78.2	383556.7	180.0	18000.0	78302.2	287074.5	10
185	69.3	373429.1	184.0	18400.0	74202.9	280642.2	10
190	45.4	266864.2	190.0	19000.0	45633.6	202040.6	10
