pop	gen	nfe	initnfe	lsnfe	rmnfe	bmnfe	successes
40	101.0	45510.0	40.0	4000.0	17544.0	23926.0	1
70	103.7	109253.5	70.0	7000.0	33824.6	68358.9	10
75	87.57142857142857	101581.14285714286	74.0	7400.0	28928.85714285714	65178.28571428572	7
76	56.8	73807.7	76.0	7600.0	18786.0	47345.7	10
77	85.0	101996.42857142857	76.0	7600.0	28876.571428571428	65443.857142857145	7
78	68.28571428571429	90242.42857142857	78.0	7800.0	24571.14285714286	57793.28571428572	7
79	83.4	106948.8	78.0	7800.0	31462.5	67608.3	10
80	72.7	97697.7	80.0	8000.0	26302.9	63314.8	10
81	104.75	134737.75	80.0	8000.0	39766.5	86891.25	8
84	46.0	72609.0	84.0	8400.0	16259.0	47866.0	1
85	67.1	99033.3	84.0	8400.0	25770.5	64778.8	10
90	73.6	121804.1	90.0	9000.0	32215.2	80498.9	10
95	74.3	129623.3	94.0	9400.0	33482.9	86646.4	10
100	53.1	108689.6	100.0	10000.0	24972.7	73616.9	10
105	75.2	155128.6	104.0	10400.0	37364.5	107260.1	10
110	56.5	134686.5	110.0	11000.0	29438.3	94138.2	10
115	60.0	148118.7	114.0	11400.0	31810.1	104794.6	10
120	66.0	177499.9	120.0	12000.0	38765.1	126614.8	10
125	61.9	179172.0	124.0	12400.0	38576.4	128071.6	10
130	61.285714285714285	187496.0	130.0	13000.0	39171.42857142857	135194.57142857142	7
160	32.0	160454.4	160.0	16000.0	25747.2	118547.2	10
