pop	gen	nfe	initnfe	lsnfe	rmnfe	bmnfe	successes
70	77.4	88917.4	70.0	7000.0	24578.3	57269.1	10
75	75.5	94704.3	74.0	7400.0	24721.2	62509.1	10
80	59.0	88217.33333333333	80.0	8000.0	20288.833333333332	59848.5	6
85	54.9	87335.7	84.0	8400.0	20148.4	58703.3	10
90	48.7	91394.2	90.0	9000.0	19437.5	62866.7	10
95	40.8	82288.5	94.0	9400.0	16634.6	56159.9	10
96	40.2	82634.7	96.0	9600.0	16714.8	56223.9	10
97	42.1	87232.4	96.0	9600.0	17631.1	59905.3	10
98	46.4	99504.9	98.0	9800.0	20590.9	69016.0	10
99	49.1	103182.7	98.0	9800.0	21926.5	71358.2	10
100	36.3	81976.4	100.0	10000.0	15848.6	56027.8	10
101	38.3	87796.1	100.0	10000.0	16911.3	60784.8	10
102	31.1	76442.0	102.0	10200.0	14004.2	52135.8	10
103	39.0	92791.1	102.0	10200.0	17685.7	64803.4	10
104	38.4	94286.3	104.0	10400.0	17699.6	66082.7	10
105	34.8	86891.3	104.0	10400.0	16256.2	60131.1	10
110	49.9	127879.5	110.0	11000.0	26485.0	90284.5	10
115	32.3	95911.0	114.0	11400.0	16281.4	68115.6	10
120	32.7	103049.5	120.0	12000.0	17840.1	73089.4	10
125	31.5	106439.4	124.0	12400.0	17300.4	76615.0	10
130	36.6	131938.1	130.0	13000.0	22526.9	96281.2	10
160	24.8	135301.2	160.0	16000.0	18866.7	100274.5	10
