pop	gen	nfe	initnfe	lsnfe	rmnfe	bmnfe	successes
40	20.0	13729.0	40.0	4000.0	2856.0	6833.0	1
45	56.5	33482.5	44.0	4400.0	9920.0	19118.5	2
46	81.0	46948.333333333336	46.0	4600.0	14861.0	27441.333333333332	3
47	101.2	57243.8	46.0	4600.0	20236.5	32361.3	10
48	93.0	55787.0	48.0	4800.0	18489.0	32450.0	1
49	93.0	55787.0	48.0	4800.0	18489.0	32450.0	1
50	68.6	46863.3	50.0	5000.0	14163.7	27649.6	10
51	70.6	47569.2	50.0	5000.0	14496.6	28022.6	10
52	57.5	42582.333333333336	52.0	5200.0	12602.333333333334	24728.0	6
53	114.11111111111111	79366.55555555556	52.0	5200.0	26997.666666666668	47116.88888888889	9
54	88.1	66134.3	54.0	5400.0	20480.6	40199.7	10
55	72.3	55746.7	54.0	5400.0	16382.0	33910.7	10
60	92.2	83112.3	60.0	6000.0	25550.0	51502.3	10
65	73.0	72962.0	64.0	6400.0	20455.3	46042.7	10
70	56.6	68820.2	70.0	7000.0	16668.5	45081.7	10
75	61.0	82096.5	74.0	7400.0	20861.0	53761.5	10
80	48.8	75405.2	80.0	8000.0	17218.6	50106.6	10
85	36.2	63518.9	84.0	8400.0	12961.0	42073.9	10
90	43.1	82367.6	90.0	9000.0	16916.1	56361.5	10
95	52.7	105873.4	94.0	9400.0	22909.6	73469.8	10
100	39.3	91994.2	100.0	10000.0	17716.0	64178.2	10
130	19.9	81226.6	130.0	13000.0	11778.9	56317.7	10
