pop	gen	nfe	initnfe	lsnfe	rmnfe	bmnfe	successes
40	155.0	67280.5	40.0	4000.0	26174.5	37066.0	2
41	138.66666666666666	64233.666666666664	40.0	4000.0	26228.666666666668	33965.0	3
42	87.0	43207.0	42.0	4200.0	16216.0	22749.0	1
43	94.66666666666667	47019.666666666664	42.0	4200.0	17600.666666666668	25177.0	3
45	96.1	51092.7	44.0	4400.0	17532.9	29115.8	10
46	84.0	48132.0	46.0	4600.0	15288.0	28198.0	1
47	87.0	51495.0	46.0	4600.0	17245.0	29604.0	2
50	101.5	66303.9	50.0	5000.0	22300.6	38953.3	10
55	89.5	68957.0	54.0	5400.0	22053.5	41449.5	2
60	93.2	81062.2	60.0	6000.0	25271.3	49730.9	10
65	78.125	76081.0	64.0	6400.0	21622.5	47994.5	8
70	67.7	77800.6	70.0	7000.0	21208.3	49522.3	10
75	81.6	101374.7	74.0	7400.0	27772.0	66128.7	10
80	61.9	90133.8	80.0	8000.0	21678.9	60374.9	10
85	65.4	106086.2	84.0	8400.0	25251.4	72350.8	10
90	54.7	100830.0	90.0	9000.0	22433.1	69306.9	10
95	64.0	122219.9	94.0	9400.0	27425.4	85300.5	10
100	55.7	120076.6	100.0	10000.0	25647.7	84328.9	10
130	34.2	123922.7	130.0	13000.0	20747.9	90044.8	10
