pop	gen	nfe	initnfe	lsnfe	rmnfe	bmnfe	successes
25	178.0	39289.0	24.0	2400.0	21959.0	14906.0	1
30	73.0	22877.0	30.0	3000.0	8775.0	11072.0	1
35	180.0	62074.0	34.0	3400.0	26942.0	31698.0	1
40	119.0	54287.3	40.0	4000.0	20209.9	30037.4	10
41	126.5	57450.5	40.0	4000.0	21807.0	31603.5	4
42	103.33333333333333	51434.333333333336	42.0	4200.0	18066.0	29126.333333333332	3
43	94.66666666666667	47317.5	42.0	4200.0	16791.666666666668	26283.833333333332	6
45	97.0	53039.5	44.0	4400.0	18568.4	30027.1	10
46	95.0	56761.0	46.0	4600.0	19404.5	32710.5	2
47	95.0	56761.0	46.0	4600.0	19404.5	32710.5	2
48	80.9	51381.9	48.0	4800.0	16172.0	30361.9	10
49	79.5	50373.5	48.0	4800.0	15441.0	30084.5	4
50	99.375	66531.25	50.0	5000.0	21509.125	39972.125	8
55	82.4	62530.4	54.0	5400.0	18600.2	38476.2	10
60	96.0	85201.9	60.0	6000.0	25355.1	53786.8	10
65	73.3	74623.0	64.0	6400.0	20208.6	47950.4	10
70	77.4	90251.9	70.0	7000.0	23862.0	59319.9	10
100	42.4	97763.1	100.0	10000.0	18371.1	69292.0	10
130	25.1	97659.8	130.0	13000.0	14342.9	70186.9	10
