pop	gen	nfe	initnfe	lsnfe	rmnfe	bmnfe	successes
20	110.5	19784.5	20.0	2000.0	11157.5	6607.0	4
25	147.4	31238.0	24.0	2400.0	16511.6	12302.4	5
26	96.5	23492.9	26.0	2600.0	10674.4	10192.5	10
27	102.3	25079.7	26.0	2600.0	11651.9	10801.8	10
30	100.5	29110.2	30.0	3000.0	12606.8	13473.4	10
31	100.66666666666667	29014.333333333332	30.0	3000.0	12649.0	13335.333333333334	9
32	89.0	29096.375	32.0	3200.0	11799.0	14065.375	8
33	86.5	28440.8	32.0	3200.0	11522.1	13686.7	10
34	76.0	27348.714285714286	34.0	3400.0	10422.142857142857	13492.57142857143	7
35	147.5	49665.5	34.0	3400.0	21809.0	24422.5	2
40	76.8	35309.3	40.0	4000.0	12472.1	18797.2	10
45	64.5	34460.0	44.0	4400.0	11266.6	18749.4	10
50	62.8	41912.8	50.0	5000.0	12650.9	24211.9	10
55	48.2	38479.4	54.0	5400.0	10400.9	22624.5	10
60	58.3	53591.7	60.0	6000.0	14464.7	33067.0	10
65	45.6	47688.8	64.0	6400.0	11872.0	29352.8	10
70	39.8	50071.0	70.0	7000.0	11463.1	31537.9	10
100	29.4	69007.4	100.0	10000.0	12452.6	46454.8	10
130	18.4	74138.9	130.0	13000.0	10498.5	50510.4	10
