pop	gen	nfe	initnfe	lsnfe	rmnfe	bmnfe	successes
100	144.0	143872.0	100.0	10000.0	109521.0	24251.0	1
160	49.0	91243.0	160.0	16000.0	43668.0	31415.0	1
190	49.0	119957.0	190.0	19000.0	57076.0	43691.0	1
220	79.0	208024.0	220.0	22000.0	121100.0	64704.0	1
280	12.0	84659.0	280.0	28000.0	18362.0	38017.0	1
310	30.333333333333332	167438.83333333334	310.0	31000.0	63854.5	72274.33333333333	6
315	44.22222222222222	220188.22222222222	314.0	31400.0	105993.44444444444	82480.77777777778	9
320	63.5	306398.0	320.0	32000.0	184758.0	89320.0	2
325	52.6	265103.7	324.0	32400.0	140989.2	91390.5	10
330	16.0	128479.75	330.0	33000.0	33691.75	61458.0	4
335	38.0	213662.25	334.0	33400.0	89455.875	90472.375	8
336	17.0	140659.5	336.0	33600.0	41466.0	65257.5	2
337	51.8	280255.7	336.0	33600.0	151778.5	94541.2	10
338	63.9	313783.4	338.0	33800.0	179180.2	100465.2	10
339	43.0	236251.33333333334	338.0	33800.0	110152.0	91961.33333333333	9
340	37.5	229471.0	340.0	34000.0	105055.5	90075.5	10
341	33.25	210732.5	340.0	34000.0	92576.0	83816.5	4
342	47.333333333333336	256488.5	342.0	34200.0	129104.66666666667	92841.83333333333	6
343	24.9	170587.8	342.0	34200.0	60496.8	75549.0	10
344	20.5	151462.5	344.0	34400.0	47064.0	69654.5	2
345	35.75	221235.5	344.0	34400.0	99318.25	87173.25	4
355	51.5	283861.9	354.0	35400.0	147128.6	100979.3	10
360	6.0	82128.0	360.0	36000.0	11861.0	33907.0	1
365	18.4	156789.2	364.0	36400.0	44459.2	75566.0	5
