pop	gen	nfe	initnfe	lsnfe	rmnfe	bmnfe	successes
280	74.0	260984.0	280.0	28000.0	140827.0	91877.0	3
310	78.66666666666667	324726.6666666667	310.0	31000.0	182371.66666666666	111045.0	3
340	50.666666666666664	258099.33333333334	340.0	34000.0	122273.33333333333	101486.0	3
370	36.857142857142854	248273.14285714287	370.0	37000.0	104484.14285714286	106419.0	7
375	46.1	281595.9	374.0	37400.0	128154.0	115667.9	10
380	48.285714285714285	308668.5714285714	380.0	38000.0	141362.42857142858	128926.14285714286	7
385	38.0	255020.3	384.0	38400.0	109505.9	106730.4	10
390	27.7	215329.2	390.0	39000.0	73604.4	102334.8	10
395	37.8	263918.0	394.0	39400.0	107063.0	117061.0	10
400	35.8	261879.6	400.0	40000.0	106604.8	114874.8	10
405	13.0	151717.0	404.0	40400.0	35090.0	75823.0	1
406	48.3	329833.2	406.0	40600.0	156695.4	132131.8	10
407	76.6	467354.0	406.0	40600.0	274635.2	151712.8	10
408	30.5	252047.5	408.0	40800.0	97064.25	113775.25	4
409	30.6	253052.9	408.0	40800.0	95788.8	116056.1	10
410	23.1	210604.5	410.0	41000.0	67832.8	101361.7	10
411	39.6	289653.2	410.0	41000.0	122884.7	125358.5	10
412	51.5	349098.4	412.0	41200.0	177652.5	129833.9	10
413	86.0	515715.0	412.0	41200.0	302040.6666666667	172062.33333333334	6
414	39.8	306074.8	414.0	41400.0	138621.5	125639.3	10
415	28.5	243215.33333333334	414.0	41400.0	84959.16666666667	116442.16666666667	6
420	41.2	305499.2	420.0	42000.0	131776.8	131302.4	10
425	53.8	380801.0	424.0	42400.0	199745.4	138231.6	10
430	45.888888888888886	345272.1111111111	430.0	43000.0	155726.55555555556	146115.55555555556	9
460	38.0	329134.8888888889	460.0	46000.0	137261.88888888888	145413.0	9
490	33.1	322207.5	490.0	49000.0	130770.9	141946.6	10
