pop	gen	nfe	initnfe	lsnfe	rmnfe	bmnfe	successes
45	3.0	8004.0	44.0	6600.0	294.0	1066.0	1
55	4.75	9925.0	54.0	8100.0	405.0	1366.0	4
66	2.25	11920.5	66.0	9900.0	304.0	1650.5	4
67	2.3333333333333335	11932.0	66.0	9900.0	310.3333333333333	1655.6666666666667	6
70	2.0	12708.0	70.0	10500.0	332.0	1806.0	10
71	3.0	12666.0	70.0	10500.0	303.0	1793.0	2
72	3.2	13116.3	72.0	10800.0	412.1	1832.2	10
73	3.2	13116.3	72.0	10800.0	412.1	1832.2	10
74	2.2	13404.4	74.0	11100.0	347.6	1882.8	10
80	1.8	14394.4	80.0	12000.0	306.0	2008.4	5
85	3.8	15310.8	84.0	12600.0	499.5	2127.3	10
90	1.7	16205.5	90.0	13500.0	329.0	2286.5	10
95	2.0	17004.0	94.0	14100.0	371.5	2438.5	2
100	3.5	18228.8	100.0	15000.0	571.2	2557.6	10
130	1.3	23253.5	130.0	19500.0	322.6	3300.9	10
160	1.4	28724.2	160.0	24000.0	397.2	4167.0	10
