pop	gen	nfe	initnfe	lsnfe	rmnfe	bmnfe	successes
50	2.0	9017.0	50.0	7500.0	236.0	1231.0	1
55	3.0	9889.0	54.0	8100.0	347.0	1388.0	1
68	2.4	12305.2	68.0	10200.0	326.4	1710.8	5
69	2.4	12305.2	68.0	10200.0	326.4	1710.8	5
70	2.2	12712.4	70.0	10500.0	346.0	1796.4	10
71	7.333333333333333	13033.0	70.0	10500.0	717.6666666666666	1745.3333333333333	3
72	2.4444444444444446	13022.555555555555	72.0	10800.0	306.0	1844.5555555555557	9
73	2.4444444444444446	13022.555555555555	72.0	10800.0	306.0	1844.5555555555557	9
74	2.0	13395.8	74.0	11100.0	362.5	1859.3	10
75	3.3	13473.3	74.0	11100.0	408.5	1890.8	10
80	2.0	14442.0	80.0	12000.0	289.0	2073.0	1
90	2.8	16272.0	90.0	13500.0	380.8	2301.2	5
100	3.2	18199.9	100.0	15000.0	525.9	2574.0	10
130	1.1111111111111112	23214.777777777777	130.0	19500.0	309.0	3275.777777777778	9
160	1.2857142857142858	28711.0	160.0	24000.0	431.42857142857144	4119.571428571428	7
190	2.5	34076.6	190.0	28500.0	597.0	4789.6	10
