pop	gen	nfe	initnfe	lsnfe	rmnfe	bmnfe	successes
50	4.0	9208.0	50.0	7500.0	360.5	1297.5	2
55	3.5	10067.5	54.0	8100.0	380.5	1533.0	2
60	3.25	10981.5	60.0	9000.0	366.5	1555.0	4
65	2.0	11689.0	64.0	9600.0	338.0	1687.0	3
70	3.6	12852.3	70.0	10500.0	454.4	1827.9	10
71	3.0	12840.333333333334	70.0	10500.0	418.5	1851.8333333333333	6
80	2.0	14517.5	80.0	12000.0	302.0	2135.5	2
85	3.5	15425.0	84.0	12600.0	514.5	2226.5	2
100	2.0	18197.0	100.0	15000.0	496.0	2601.0	1
130	1.0	23326.0	130.0	19500.0	320.0	3376.0	1
160	2.0	28925.0	160.0	24000.0	584.0	4181.0	2
190	2.142857142857143	34366.0	190.0	28500.0	660.8571428571429	5015.142857142857	7
250	3.5	45663.5	250.0	37500.0	1370.5	6543.0	2
280	2.6666666666666665	50814.666666666664	280.0	42000.0	1195.0	7339.666666666667	3
310	2.4	56039.8	310.0	46500.0	1160.4	8069.4	10
