pop	gen	nfe	initnfe	lsnfe	rmnfe	bmnfe	successes
95	3.5	16907.0	94.0	14100.0	420.5	2292.5	4
98	3.0	17645.333333333332	98.0	14700.0	414.6666666666667	2432.6666666666665	3
99	2.5	17599.0	98.0	14700.0	375.0	2426.0	2
100	1.4	17894.0	100.0	15000.0	255.0	2539.0	10
115	2.75	20496.0	114.0	17100.0	448.0	2834.0	4
120	1.0	21424.0	120.0	18000.0	298.0	3006.0	2
125	5.5	22438.5	124.0	18600.0	623.5	3091.0	4
130	1.0	23156.4	130.0	19500.0	258.6	3267.8	10
190	4.0	34199.0	190.0	28500.0	757.5	4751.5	2
220	1.3	39265.1	220.0	33000.0	464.6	5580.5	10
