pop	gen	nfe	initnfe	lsnfe	rmnfe	bmnfe	successes
70	2.0	12534.0	70.0	10500.0	289.0	1675.0	1
190	2.8333333333333335	33696.666666666664	190.0	28500.0	444.3333333333333	4562.333333333333	6
195	1.75	34257.5	194.0	29100.0	310.25	4653.25	4
200	1.5	35387.833333333336	200.0	30000.0	315.3333333333333	4872.5	6
205	2.0	36046.333333333336	204.0	30600.0	351.0	4891.333333333333	3
210	2.3333333333333335	37162.666666666664	210.0	31500.0	420.0	5032.666666666667	3
215	2.0	37827.0	214.0	32100.0	341.0	5172.0	1
216	3.0	38204.0	216.0	32400.0	517.0	5071.0	1
217	2.3333333333333335	38210.0	216.0	32400.0	357.6666666666667	5236.333333333333	3
218	1.8	38580.2	218.0	32700.0	411.4	5250.8	5
220	2.4	38941.3	220.0	33000.0	457.3	5264.0	10
221	1.2	38779.0	220.0	33000.0	272.8	5286.2	5
222	1.3333333333333333	39056.333333333336	222.0	33300.0	292.6666666666667	5241.666666666667	3
223	1.5	39102.0	222.0	33300.0	351.25	5228.75	4
224	3.0	39704.0	224.0	33600.0	579.0	5301.0	1
230	1.0	40943.0	230.0	34500.0	317.0	5896.0	1
240	1.2	42277.1	240.0	36000.0	324.6	5712.5	10
245	1.0	42870.0	244.0	36600.0	303.0	5723.0	1
250	1.3	43965.2	250.0	37500.0	279.2	5936.0	10
