pop	gen	nfe	initnfe	lsnfe	rmnfe	bmnfe	successes
130	3.0	23155.0	130.0	19500.0	359.0	3166.0	1
160	2.0	28400.8	160.0	24000.0	372.8	3868.0	5
220	1.0	38911.5	220.0	33000.0	290.5	5401.0	4
250	1.3333333333333333	43970.666666666664	250.0	37500.0	280.55555555555554	5940.111111111111	9
280	1.3333333333333333	49293.333333333336	280.0	42000.0	319.5	6693.833333333333	6
281	1.1	49238.1	280.0	42000.0	295.2	6662.9	10
282	1.2222222222222223	49518.444444444445	282.0	42300.0	291.8888888888889	6644.555555555556	9
283	1.5	49674.5	282.0	42300.0	377.5	6715.0	2
284	1.4	50045.8	284.0	42600.0	377.2	6784.6	5
285	1.6	50114.4	284.0	42600.0	418.5	6811.9	10
286	1.8571428571428572	50243.857142857145	286.0	42900.0	430.42857142857144	6627.428571428572	7
287	1.8571428571428572	50290.857142857145	286.0	42900.0	444.85714285714283	6660.0	7
288	1.5	50771.4	288.0	43200.0	428.9	6854.5	10
289	1.6	50742.4	288.0	43200.0	406.7	6847.7	10
290	1.0	50968.666666666664	290.0	43500.0	282.0	6896.666666666667	3
295	1.8333333333333333	51900.333333333336	294.0	44100.0	454.5	7051.833333333333	6
300	1.3	52745.0	300.0	45000.0	324.5	7120.5	10
305	1.1666666666666667	53565.0	304.0	45600.0	338.5	7322.5	6
310	1.4	54487.9	310.0	46500.0	356.8	7321.1	10
315	1.9	55415.5	314.0	47100.0	487.6	7513.9	10
320	1.0	56285.0	320.0	48000.0	288.5	7676.5	2
325	1.3	56946.1	324.0	48600.0	348.6	7673.5	10
330	1.6	58135.3	330.0	49500.0	434.8	7870.5	10
