pop	gen	nfe	initnfe	lsnfe	rmnfe	bmnfe	successes
75	2.75	13429.75	74.0	11100.0	371.25	1884.5	4
80	2.0	14453.333333333334	80.0	12000.0	348.0	2025.3333333333333	3
85	4.0	15346.0	84.0	12600.0	513.0	2149.0	1
90	3.0	16284.4	90.0	13500.0	393.8	2300.6	5
92	2.0	16633.75	92.0	13800.0	379.625	2362.125	8
93	2.0	16633.75	92.0	13800.0	379.625	2362.125	8
94	2.0	16968.285714285714	94.0	14100.0	395.7142857142857	2378.5714285714284	7
95	2.5	17032.6	94.0	14100.0	427.0	2411.6	10
96	2.2	17363.2	96.0	14400.0	419.1	2448.1	10
97	2.2	17363.2	96.0	14400.0	419.1	2448.1	10
98	2.5714285714285716	17717.285714285714	98.0	14700.0	444.2857142857143	2475.0	7
99	2.5	17692.5	98.0	14700.0	430.625	2463.875	8
100	2.0	18013.0	100.0	15000.0	350.4	2562.6	10
105	2.4	18848.0	104.0	15600.0	488.6	2655.4	10
110	1.8	19821.2	110.0	16500.0	378.4	2832.8	10
115	1.5	20399.9	114.0	17100.0	312.2	2873.7	10
120	1.9	21582.2	120.0	18000.0	420.7	3041.5	10
125	1.8	22314.3	124.0	18600.0	427.7	3162.6	10
130	1.8	23369.8	130.0	19500.0	454.3	3285.5	10
160	2.2	28592.7	160.0	24000.0	378.1	4054.6	10
190	1.0	33876.7	190.0	28500.0	361.3	4825.4	10
