pop	gen	nfe	initnfe	lsnfe	rmnfe	bmnfe	successes
75	2.142857142857143	13384.57142857143	74.0	11100.0	322.0	1888.5714285714287	7
80	1.0	14417.0	80.0	12000.0	253.0	2084.0	1
85	1.5	15179.5	84.0	12600.0	326.5	2169.0	2
86	2.2	15548.0	86.0	12900.0	362.5	2199.5	10
87	2.2	15548.0	86.0	12900.0	362.5	2199.5	10
88	1.7	15851.9	88.0	13200.0	332.2	2231.7	10
89	1.7	15851.9	88.0	13200.0	332.2	2231.7	10
90	2.3	16258.6	90.0	13500.0	364.5	2304.1	10
91	2.2	16240.6	90.0	13500.0	358.7	2291.9	10
92	2.3	16598.4	92.0	13800.0	363.3	2343.1	10
93	2.3	16598.4	92.0	13800.0	363.3	2343.1	10
94	2.6	17035.8	94.0	14100.0	440.8	2401.0	10
95	2.5	16976.5	94.0	14100.0	401.5	2381.0	2
100	2.0	18015.5	100.0	15000.0	353.8	2561.7	10
105	2.8	18808.9	104.0	15600.0	446.8	2658.1	10
110	3.0	19883.666666666668	110.0	16500.0	440.0	2833.6666666666665	3
115	2.1	20538.0	114.0	17100.0	429.3	2894.7	10
120	2.4	21625.0	120.0	18000.0	472.6	3032.4	5
125	2.6	22400.3	124.0	18600.0	516.7	3159.6	10
130	1.6	23324.6	130.0	19500.0	411.6	3283.0	10
160	2.5	28682.9	160.0	24000.0	455.2	4067.7	10
190	1.1	33947.6	190.0	28500.0	400.5	4857.1	10
