pop	gen	nfe	initnfe	lsnfe	rmnfe	bmnfe	successes
160	1.0	85152.0	160.0	64000.0	3698.0	17294.0	1
190	1.25	101292.75	190.0	76000.0	4166.0	20936.75	8
225	1.2	118637.0	224.0	89600.0	4616.4	24196.6	5
226	1.0	119786.14285714286	226.0	90400.0	4640.142857142857	24520.0	7
227	1.0	118546.5	226.0	90400.0	4288.0	23632.5	6
228	1.2	121268.9	228.0	91200.0	5437.4	24403.5	10
229	1.0	118737.0	228.0	91200.0	3539.0	23770.0	1
230	1.1	122967.2	230.0	92000.0	4858.5	25878.7	10
231	1.1	121447.3	230.0	92000.0	4350.1	24867.2	10
232	1.1	123392.1	232.0	92800.0	4610.9	25749.2	10
233	1.0	124605.0	232.0	92800.0	5021.555555555556	26551.444444444445	9
234	1.0	125752.3	234.0	93600.0	5062.9	26855.4	10
235	1.1111111111111112	124054.44444444444	234.0	93600.0	4443.111111111111	25777.333333333332	9
240	1.0	125837.4	240.0	96000.0	3865.3	25732.1	10
245	1.0	127639.4	244.0	97600.0	3453.7	26341.7	10
250	1.0	131682.8	250.0	100000.0	3860.4	27572.4	10
255	1.0	133628.55555555556	254.0	101600.0	4334.555555555556	27440.0	9
260	1.0	136660.0	260.0	104000.0	4083.5	28316.5	6
265	1.0	138399.8	264.0	105600.0	3634.4	28901.4	10
270	1.0	142131.3	270.0	108000.0	4233.2	29628.1	10
275	1.0	143599.33333333334	274.0	109600.0	3949.6666666666665	29775.666666666668	3
280	1.0	147172.6	280.0	112000.0	3741.0	31151.6	5
310	1.0	163823.4	310.0	124000.0	4481.0	35032.4	10
