pop	gen	nfe	initnfe	lsnfe	rmnfe	bmnfe	successes
20	19.0	12707.0	20.0	2000.0	7942.0	2745.0	1
25	14.0	16831.0	24.0	2400.0	11578.0	2829.0	1
35	8.2	13690.9	34.0	3400.0	6349.1	3907.8	10
40	6.3	14030.4	40.0	4000.0	5710.1	4280.3	10
45	5.375	14250.875	44.0	4400.0	5243.25	4563.625	8
46	5.2	15212.9	46.0	4600.0	5725.3	4841.6	10
47	5.2	15212.9	46.0	4600.0	5725.3	4841.6	10
48	7.666666666666667	24984.833333333332	48.0	4800.0	14201.5	5935.333333333333	6
49	7.833333333333333	25299.166666666668	48.0	4800.0	14423.0	6028.166666666667	6
50	3.8	13526.1	50.0	5000.0	3923.7	4552.4	10
51	3.6	12690.0	50.0	5000.0	3439.5	4200.5	10
52	4.0	14203.3	52.0	5200.0	4019.0	4932.3	10
53	3.9	13999.9	52.0	5200.0	3923.9	4824.0	10
54	3.9	15946.1	54.0	5400.0	5126.1	5366.0	10
55	3.4	13398.8	54.0	5400.0	3425.8	4519.0	5
60	3.0	14477.8	60.0	6000.0	3296.8	5121.0	10
65	3.4	17718.1	64.0	6400.0	4737.9	6516.2	10
70	3.3	18721.7	70.0	7000.0	4896.0	6755.7	10
100	1.8	19866.0	100.0	10000.0	2421.6	7344.4	10
130	1.3	25422.2	130.0	13000.0	2922.0	9370.2	10
