pop	gen	nfe	initnfe	lsnfe	rmnfe	bmnfe	successes
70	6.857142857142857	15660.714285714286	70.0	7000.0	400.7142857142857	8190.0	7
71	5.666666666666667	15005.833333333334	70.0	7000.0	353.8333333333333	7582.0	6
72	5.3	15162.3	72.0	7200.0	316.4	7573.9	10
73	5.3	15162.3	72.0	7200.0	316.4	7573.9	10
74	4.6	15571.1	74.0	7400.0	311.3	7785.8	10
75	5.5	15707.5	74.0	7400.0	340.6	7892.9	10
76	4.4	16077.9	76.0	7600.0	310.7	8091.2	10
77	4.3	16010.3	76.0	7600.0	311.2	8023.1	10
78	5.2	16663.3	78.0	7800.0	339.5	8445.8	10
79	5.2	16663.3	78.0	7800.0	339.5	8445.8	10
80	4.333333333333333	16605.88888888889	80.0	8000.0	314.44444444444446	8211.444444444445	9
85	4.3	17662.8	84.0	8400.0	309.8	8869.0	10
90	4.1	19111.6	90.0	9000.0	329.6	9692.0	10
95	4.0	20396.166666666668	94.0	9400.0	327.5	10574.666666666666	6
100	3.7	21041.8	100.0	10000.0	310.2	10631.6	10
105	3.7	22064.7	104.0	10400.0	328.3	11232.4	10
110	3.7	23303.0	110.0	11000.0	318.8	11874.2	10
115	3.8	24156.0	114.0	11400.0	322.2	12319.8	10
120	2.9	25240.3	120.0	12000.0	313.5	12806.8	10
125	3.7	26516.0	124.0	12400.0	325.9	13666.1	10
130	3.4	27501.2	130.0	13000.0	320.3	14050.9	10
160	3.2	34513.3	160.0	16000.0	328.9	18024.4	10
