pop	gen	nfe	initnfe	lsnfe	rmnfe	bmnfe	successes
40	12.5	17662.75	40.0	8000.0	1098.75	8524.0	4
70	5.666666666666667	29207.666666666668	70.0	14000.0	825.6666666666666	14312.0	3
100	4.625	43167.625	100.0	20000.0	898.125	22169.5	8
101	4.4	42404.1	100.0	20000.0	817.4	21486.7	10
102	4.4	43327.4	102.0	20400.0	816.1	22009.3	10
103	4.8	43588.9	102.0	20400.0	836.3	22250.6	10
104	4.4	44090.0	104.0	20800.0	873.3	22312.7	10
105	4.6	44527.1	104.0	20800.0	881.8	22741.3	10
106	4.1	45174.9	106.0	21200.0	807.2	23061.7	10
107	4.1	45301.5	106.0	21200.0	820.6	23174.9	10
108	4.0	45882.3	108.0	21600.0	844.9	23329.4	10
109	3.5	45871.5	108.0	21600.0	767.5	23396.0	2
110	4.4	47172.5	110.0	22000.0	831.1	24231.4	10
115	4.3	48992.6	114.0	22800.0	869.2	25209.4	10
120	3.8	50703.2	120.0	24000.0	806.6	25776.6	10
125	3.9	52587.0	124.0	24800.0	846.7	26816.3	10
130	3.5	55133.5	130.0	26000.0	818.1	28185.4	10
135	3.9	56777.4	134.0	26800.0	809.3	29034.1	10
140	3.2	59400.9	140.0	28000.0	777.1	30483.8	10
145	3.0	60635.5	144.0	28800.0	778.5	30913.0	2
150	3.0	64324.4	150.0	30000.0	838.1	33336.3	10
155	3.3	65032.8	154.0	30800.0	794.4	33284.4	10
