pop	gen	nfe	initnfe	lsnfe	rmnfe	bmnfe	successes
70	5.0	14577.0	70.0	7000.0	345.0	7162.0	10
74	5.0	15706.0	74.0	7400.0	333.0	7899.0	1
190	2.0	39582.6	190.0	19000.0	316.2	20076.4	5
220	2.0	45726.0	220.0	22000.0	282.0	23224.0	1
250	1.6666666666666667	51317.333333333336	250.0	25000.0	267.3333333333333	25800.0	3
280	2.0	57418.0	280.0	28000.0	260.0	28878.0	1
340	1.0	68622.6	340.0	34000.0	264.6	34018.0	10
