pop	gen	nfe	initnfe	lsnfe	rmnfe	bmnfe	successes
135	3.0	27440.166666666668	134.0	13400.0	295.6666666666667	13610.5	6
140	2.1666666666666665	28493.5	140.0	14000.0	268.3333333333333	14085.166666666666	6
145	2.6666666666666665	29429.666666666668	144.0	14400.0	292.5	14593.166666666666	6
150	2.7777777777777777	30672.88888888889	150.0	15000.0	278.3333333333333	15244.555555555555	9
155	2.2	32030.0	154.0	15400.0	272.2	16203.8	5
156	2.6666666666666665	34029.0	156.0	15600.0	344.0	17929.0	3
157	2.5	33686.5	156.0	15600.0	329.0	17601.5	2
158	2.5	32664.0	158.0	15800.0	310.5	16395.5	2
160	2.7	32847.9	160.0	16000.0	276.4	16411.5	10
165	2.2	33647.9	164.0	16400.0	285.0	16798.9	10
170	2.0	33549.666666666664	170.0	17000.0	274.6666666666667	16105.0	3
175	2.0	35192.0	174.0	17400.0	293.5	17324.5	2
180	2.0	36815.333333333336	180.0	18000.0	251.66666666666666	18383.666666666668	3
185	1.5	36181.0	184.0	18400.0	262.0	17335.0	2
190	2.0	39132.8	190.0	19000.0	262.6	19680.2	10
220	2.0	45035.6	220.0	22000.0	269.7	22545.9	10
250	1.6	50902.0	250.0	25000.0	260.6	25391.4	5
280	1.6	57104.6	280.0	28000.0	272.2	28552.4	10
