pop	gen	nfe	initnfe	lsnfe	rmnfe	bmnfe	successes
160	2.0	34059.5	160.0	16000.0	246.5	17653.0	2
190	2.25	40843.5	190.0	19000.0	267.0	21386.5	4
220	2.0	45718.0	220.0	22000.0	201.0	23297.0	1
250	2.0	51720.333333333336	250.0	25000.0	212.0	26258.333333333332	3
280	1.5	56915.5	280.0	28000.0	206.5	28429.0	4
310	1.2	64475.0	310.0	31000.0	208.0	32957.0	5
340	1.0	68987.25	340.0	34000.0	192.75	34454.5	4
370	1.0	76389.33333333333	370.0	37000.0	213.0	38806.333333333336	3
371	1.0	78955.25	370.0	37000.0	225.5	41359.75	4
372	1.0	77575.33333333333	372.0	37200.0	213.66666666666666	39789.666666666664	3
373	1.1	76845.9	372.0	37200.0	218.0	39055.9	10
374	1.3333333333333333	78976.33333333333	374.0	37400.0	232.66666666666666	40969.666666666664	3
375	1.1	78035.3	374.0	37400.0	222.8	40038.5	10
376	1.2	77509.1	376.0	37600.0	225.3	39307.8	10
377	1.1	77951.8	376.0	37600.0	226.1	39749.7	10
378	1.0	79440.25	378.0	37800.0	226.0	41036.25	4
379	1.0	79301.66666666667	378.0	37800.0	221.0	40902.666666666664	3
380	1.3	79573.5	380.0	38000.0	236.2	40957.3	10
385	1.1	78101.8	384.0	38400.0	227.7	39090.1	10
390	1.1	80944.8	390.0	39000.0	223.2	41331.6	10
395	1.0	81113.9	394.0	39400.0	213.1	41106.8	10
400	1.1	84108.8	400.0	40000.0	227.1	43481.7	10
405	1.2	83595.7	404.0	40400.0	249.2	42542.5	10
410	1.1	85129.7	410.0	41000.0	219.7	43500.0	10
415	1.1	86826.9	414.0	41400.0	224.5	44788.4	10
420	1.0	87240.2	420.0	42000.0	234.7	44585.5	10
425	1.0	86953.0	424.0	42400.0	204.4	43924.6	10
