pop	gen	nfe	initnfe	lsnfe	rmnfe	bmnfe	successes
220	3.0	97709.0	220.0	44000.0	830.0	52659.0	1
250	2.1666666666666665	105895.66666666667	250.0	50000.0	700.8333333333334	54944.833333333336	6
255	2.0	107217.2	254.0	50800.0	688.2	55475.0	5
256	2.0	105687.0	256.0	51200.0	685.5	53545.5	4
257	2.0	105448.5	256.0	51200.0	646.5	53346.0	2
258	2.0	108410.6	258.0	51600.0	668.6	55884.0	10
259	2.0	107895.83333333333	258.0	51600.0	675.8333333333334	55362.0	6
260	2.0	109323.1	260.0	52000.0	674.5	56388.6	10
261	2.0	108032.0	260.0	52000.0	684.8	55087.2	10
262	2.0	108207.3	262.0	52400.0	662.8	54882.5	10
263	2.0	108829.33333333333	262.0	52400.0	667.0	55500.333333333336	3
264	2.0	108895.66666666667	264.0	52800.0	616.0	55215.666666666664	3
265	2.0	110286.66666666667	264.0	52800.0	690.6666666666666	56532.0	3
270	2.0	114071.5	270.0	54000.0	710.0	59091.5	2
275	2.0	113241.16666666667	274.0	54800.0	697.5	57469.666666666664	6
280	1.9	115421.6	280.0	56000.0	645.1	58496.5	10
285	2.5	120911.25	284.0	56800.0	686.5	63140.75	4
290	1.8888888888888888	120577.22222222222	290.0	58000.0	682.6666666666666	61604.555555555555	9
300	2.0	123250.0	300.0	60000.0	635.25	62314.75	4
305	1.9	126069.2	304.0	60800.0	664.8	64300.4	10
310	2.0	130725.0	310.0	62000.0	582.0	67833.0	1
340	1.6	141221.7	340.0	68000.0	660.0	72221.7	10
