pop	gen	nfe	initnfe	lsnfe	rmnfe	bmnfe	successes
70	12.0	29630.0	70.0	14000.0	550.0	15010.0	1
190	2.5	79445.5	190.0	38000.0	511.0	40744.5	2
220	2.5	94033.0	220.0	44000.0	554.5	49258.5	2
240	2.0	102071.5	240.0	48000.0	503.5	53328.0	2
245	2.0	104004.0	244.0	48800.0	546.0	54414.0	1
246	2.0	100311.0	246.0	49200.0	472.5	50392.5	2
247	2.0	104767.5	246.0	49200.0	479.0	54842.5	2
248	2.3333333333333335	105090.0	248.0	49600.0	520.3333333333334	54721.666666666664	3
250	2.3	105386.1	250.0	50000.0	524.3	54611.8	10
253	2.0	105482.33333333333	252.0	50400.0	515.1666666666666	54315.166666666664	6
255	2.0	107141.0	254.0	50800.0	558.0	55529.0	2
260	2.0	110107.88888888889	260.0	52000.0	514.0	57333.88888888889	9
265	2.25	111131.5	264.0	52800.0	492.25	57575.25	4
270	2.4	115310.2	270.0	54000.0	557.4	60482.8	5
275	2.0	117398.33333333333	274.0	54800.0	539.6666666666666	61784.666666666664	3
