pop	gen	nfe	initnfe	lsnfe	rmnfe	bmnfe	successes
160	3.0	66396.0	160.0	32000.0	597.0	33639.0	1
250	2.25	106397.25	250.0	50000.0	599.0	55548.25	4
340	1.5	141472.0	340.0	68000.0	562.0	72570.0	2
370	1.6	156134.0	370.0	74000.0	575.2	81188.8	5
371	1.0	159734.0	370.0	74000.0	675.0	84689.0	1
372	1.125	156184.0	372.0	74400.0	545.375	80866.625	8
373	1.375	155830.25	372.0	74400.0	558.125	80500.125	8
374	1.2	153673.5	374.0	74800.0	544.1	77955.4	10
375	1.3	156127.2	374.0	74800.0	555.5	80397.7	10
376	2.0	157420.0	376.0	75200.0	549.0	81295.0	1
377	2.0	157420.0	376.0	75200.0	549.0	81295.0	1
378	2.0	152879.0	378.0	75600.0	556.0	76345.0	1
379	2.0	152879.0	378.0	75600.0	556.0	76345.0	1
380	1.3	158784.2	380.0	76000.0	555.3	81848.9	10
385	1.1	161857.1	384.0	76800.0	548.1	84125.0	10
390	1.0	161580.66666666666	390.0	78000.0	540.3333333333334	82650.33333333333	3
395	1.3	164223.2	394.0	78800.0	562.0	84467.2	10
400	1.6	167181.0	400.0	80000.0	572.1	86208.9	10
405	1.1	167511.5	404.0	80800.0	534.9	85772.6	10
410	1.5714285714285714	170981.57142857142	410.0	82000.0	546.1428571428571	88025.42857142857	7
415	1.3333333333333333	173955.0	414.0	82800.0	548.3333333333334	90192.66666666667	3
420	1.3	176307.2	420.0	84000.0	583.9	91303.3	10
425	1.0	175605.3	424.0	84800.0	521.2	89860.1	10
