pop	gen	nfe	initnfe	lsnfe	rmnfe	bmnfe	successes
55	2.0	9590.0	54.0	8100.0	52.0	1384.0	1
65	2.0	11360.0	64.0	9600.0	89.0	1607.0	1
66	2.0	11670.0	66.0	9900.0	48.0	1656.0	1
67	2.0	11670.0	66.0	9900.0	48.0	1656.0	1
68	3.3333333333333335	12130.666666666666	68.0	10200.0	202.66666666666666	1660.0	3
69	4.0	12199.5	68.0	10200.0	282.0	1649.5	2
70	2.1	12425.4	70.0	10500.0	73.5	1781.9	10
72	1.0	12705.0	72.0	10800.0	32.0	1801.0	3
73	1.0	12705.0	72.0	10800.0	32.0	1801.0	2
74	2.1	13140.2	74.0	11100.0	72.5	1893.7	10
75	2.0	13117.0	74.0	11100.0	56.0	1887.0	1
80	2.0	14155.0	80.0	12000.0	47.0	2028.0	2
85	3.0	14987.0	84.0	12600.0	200.0	2103.0	1
95	2.0	16676.4	94.0	14100.0	74.4	2408.0	10
130	1.5	22924.3	130.0	19500.0	60.5	3233.8	10
160	2.7	28480.9	160.0	24000.0	259.8	4061.1	10
