pop	gen	nfe	initnfe	lsnfe	rmnfe	bmnfe	successes
80	2.125	14156.375	80.0	12000.0	54.5	2021.875	8
86	1.7	15225.0	86.0	12900.0	49.5	2189.5	10
87	1.7	15225.0	86.0	12900.0	49.5	2189.5	10
88	1.7	15597.6	88.0	13200.0	73.4	2236.2	10
89	1.7	15597.6	88.0	13200.0	73.4	2236.2	10
90	2.2	15989.7	90.0	13500.0	111.9	2287.8	10
91	1.6	15950.4	90.0	13500.0	60.5	2299.9	10
92	3.4	16400.0	92.0	13800.0	164.9	2343.1	10
93	2.7	16333.1	92.0	13800.0	112.5	2328.6	10
95	2.1	16643.6	94.0	14100.0	100.6	2349.0	10
100	1.7	17723.3	100.0	15000.0	59.8	2563.5	10
105	1.9	18453.8	104.0	15600.0	51.8	2698.0	10
110	2.3	19521.0	110.0	16500.0	115.2	2795.8	10
115	2.1	20184.6	114.0	17100.0	76.0	2894.6	10
120	3.4444444444444446	21402.222222222223	120.0	18000.0	232.88888888888889	3049.3333333333335	9
125	2.5	22030.9	124.0	18600.0	138.6	3168.3	10
130	2.2	23047.9	130.0	19500.0	75.6	3342.3	10
160	3.2	28547.1	160.0	24000.0	375.7	4011.4	10
220	1.0	38802.5	220.0	33000.0	31.75	5550.75	4
250	2.1	44386.9	250.0	37500.0	306.6	6330.3	10
