pop	gen	nfe	initnfe	lsnfe	rmnfe	bmnfe	successes
76	2.4	13511.8	76.0	11400.0	91.0	1944.8	10
77	2.4	13505.8	76.0	11400.0	84.6	1945.2	10
78	2.9	13914.0	78.0	11700.0	112.7	2023.3	10
79	2.9	13914.0	78.0	11700.0	112.7	2023.3	10
80	2.2	14203.7	80.0	12000.0	56.5	2067.2	10
81	1.0	14092.0	80.0	12000.0	41.0	1971.0	2
82	2.5	14563.6	82.0	12300.0	105.5	2076.1	10
83	2.4	14560.7	82.0	12300.0	88.1	2090.6	10
85	1.2857142857142858	14860.142857142857	84.0	12600.0	36.42857142857143	2139.714285714286	7
90	1.5714285714285714	15963.285714285714	90.0	13500.0	50.0	2323.285714285714	7
100	2.5	17789.2	100.0	15000.0	118.5	2570.7	10
105	2.5	18468.0	104.0	15600.0	98.2	2665.8	10
110	2.3	19571.3	110.0	16500.0	140.2	2821.1	10
115	4.75	20567.0	114.0	17100.0	426.0	2927.0	4
120	2.1	21313.7	120.0	18000.0	156.0	3037.7	10
125	2.3	22030.3	124.0	18600.0	146.6	3159.7	10
130	2.1	23026.6	130.0	19500.0	85.3	3311.3	10
160	3.0	28532.9	160.0	24000.0	356.0	4016.9	10
220	1.0	38831.25	220.0	33000.0	32.0	5579.25	4
250	1.5	44231.9	250.0	37500.0	148.8	6333.1	10
