pop	gen	nfe	initnfe	lsnfe	rmnfe	bmnfe	successes
70	2.4	12463.0	70.0	10500.0	79.8	1813.2	5
100	2.6666666666666665	17859.0	100.0	15000.0	104.33333333333333	2654.6666666666665	3
105	1.6666666666666667	18528.333333333332	104.0	15600.0	53.0	2771.3333333333335	3
110	2.0	19536.166666666668	110.0	16500.0	74.5	2851.6666666666665	6
111	1.7	19600.0	110.0	16500.0	76.3	2913.7	10
112	2.0	19962.7	112.0	16800.0	119.0	2931.7	10
113	2.1	19964.2	112.0	16800.0	123.9	2928.3	10
114	2.2	20309.0	114.0	17100.0	126.0	2969.0	10
115	1.9	20243.1	114.0	17100.0	69.3	2959.8	10
116	1.25	20605.5	116.0	17400.0	36.5	3053.0	4
117	1.25	20598.0	116.0	17400.0	36.5	3045.5	4
118	2.0	20988.5	118.0	17700.0	67.75	3102.75	4
119	2.0	20988.5	118.0	17700.0	67.75	3102.75	4
120	1.5	21329.833333333332	120.0	18000.0	62.833333333333336	3147.0	6
125	2.1	22077.2	124.0	18600.0	112.2	3241.0	10
130	1.9	23168.4	130.0	19500.0	96.7	3441.7	10
135	1.9	23835.2	134.0	20100.0	91.1	3510.1	10
140	1.0	24868.666666666668	140.0	21000.0	33.666666666666664	3695.0	3
145	2.2857142857142856	25695.571428571428	144.0	21600.0	162.57142857142858	3789.0	7
150	2.1666666666666665	26778.0	150.0	22500.0	146.5	3981.5	6
155	1.6	27384.9	154.0	23100.0	113.6	4017.3	10
190	2.0	33753.0	190.0	28500.0	116.0	4947.0	1
220	1.6666666666666667	39096.0	220.0	33000.0	140.33333333333334	5735.666666666667	3
250	2.4	44475.8	250.0	37500.0	254.2	6471.6	5
280	2.8	50125.4	280.0	42000.0	527.6	7317.8	5
310	1.6	54988.2	310.0	46500.0	187.2	7991.0	10
