pop	gen	nfe	initnfe	lsnfe	rmnfe	bmnfe	successes
100	2.0	17901.0	100.0	15000.0	135.0	2666.0	1
165	1.6666666666666667	29332.666666666668	164.0	24600.0	133.83333333333334	4434.833333333333	6
175	2.0	31285.4	174.0	26100.0	133.4	4878.0	5
180	1.5	31784.5	180.0	27000.0	62.0	4542.5	2
181	2.0	32218.1	180.0	27000.0	138.5	4899.6	10
182	2.3333333333333335	32741.333333333332	182.0	27300.0	164.66666666666666	5094.666666666667	3
183	2.0	32736.5	182.0	27300.0	140.5	5114.0	2
184	4.0	32914.0	184.0	27600.0	400.0	4730.0	1
185	5.7	33506.8	184.0	27600.0	571.3	5151.5	10
186	1.0	33017.0	186.0	27900.0	108.0	4823.0	1
188	1.0	33299.4	188.0	28200.0	76.2	4835.2	5
189	1.0	33299.4	188.0	28200.0	76.2	4835.2	5
190	2.6	34088.9	190.0	28500.0	204.0	5194.9	10
195	1.5714285714285714	34529.142857142855	194.0	29100.0	92.42857142857143	5142.714285714285	7
200	1.8	35622.1	200.0	30000.0	115.1	5307.0	10
210	1.5	36995.0	210.0	31500.0	248.5	5036.5	2
215	2.0	38327.5	214.0	32100.0	113.0	5900.5	2
220	2.0	39470.0	220.0	33000.0	86.5	6163.5	2
250	1.2	44445.8	250.0	37500.0	105.3	6590.5	10
