pop	gen	nfe	initnfe	lsnfe	rmnfe	bmnfe	successes
100	2.0	17822.0	100.0	15000.0	101.0	2621.0	1
220	2.2	39556.4	220.0	33000.0	159.0	6177.4	5
225	3.0	40307.0	224.0	33600.0	375.6666666666667	6107.333333333333	3
235	1.0	41721.0	234.0	35100.0	92.0	6295.0	1
240	2.8	42789.6	240.0	36000.0	270.6	6279.0	5
245	3.3333333333333335	43205.0	244.0	36600.0	327.0	6034.0	3
246	2.0	44686.0	246.0	36900.0	156.0	7384.0	1
249	5.0	44553.666666666664	248.0	37200.0	682.6666666666666	6423.0	3
250	3.6	44691.4	250.0	37500.0	395.4	6546.0	10
251	2.2	44147.8	250.0	37500.0	219.4	6178.4	5
252	3.5	45125.0	252.0	37800.0	377.0	6696.0	2
253	2.5	44984.0	252.0	37800.0	366.5	6565.5	2
254	2.3333333333333335	44994.333333333336	254.0	38100.0	210.66666666666666	6429.666666666667	3
255	2.5	44613.5	254.0	38100.0	188.75	6070.75	4
260	1.5	46115.5	260.0	39000.0	299.0	6556.5	2
265	3.0	46979.5	264.0	39600.0	396.0	6719.5	2
275	2.6666666666666665	49258.333333333336	274.0	41100.0	410.3333333333333	7474.0	3
280	2.25	49491.25	280.0	42000.0	202.0	7009.25	4
310	2.5	55272.0	310.0	46500.0	292.75	8169.25	4
340	2.4	60360.4	340.0	51000.0	363.9	8656.5	10
