pop	gen	nfe	initnfe	lsnfe	rmnfe	bmnfe	successes
100	7.0	17985.0	100.0	15000.0	363.0	2522.0	1
130	3.0	23187.0	130.0	19500.0	286.0	3271.0	1
160	3.0	28148.5	160.0	24000.0	211.5	3777.0	2
190	3.0	34535.0	190.0	28500.0	355.0	5490.0	1
255	4.0	44545.0	254.0	38100.0	333.0	5858.0	1
256	1.7	45210.4	256.0	38400.0	203.5	6350.9	10
257	2.25	44934.5	256.0	38400.0	227.5	6051.0	4
258	2.375	45519.125	258.0	38700.0	364.0	6197.125	8
259	2.0	45861.0	258.0	38700.0	106.0	6797.0	1
260	2.3	46485.7	260.0	39000.0	302.5	6923.2	10
261	2.0	46017.57142857143	260.0	39000.0	259.0	6498.571428571428	7
262	2.0	46506.9	262.0	39300.0	231.9	6713.0	10
264	2.3	47023.4	264.0	39600.0	328.3	6831.1	10
265	2.0	49334.0	264.0	39600.0	335.0	9135.0	1
270	3.4285714285714284	47978.57142857143	270.0	40500.0	416.42857142857144	6792.142857142857	7
275	1.0	47702.0	274.0	41100.0	66.0	6262.0	1
280	2.6	49700.0	280.0	42000.0	339.7	7080.3	10
285	2.0	50361.333333333336	284.0	42600.0	266.1111111111111	7211.222222222223	9
290	1.5	50762.0	290.0	43500.0	123.16666666666667	6848.833333333333	6
300	1.8333333333333333	53239.333333333336	300.0	45000.0	208.83333333333334	7730.5	6
305	2.2	53733.8	304.0	45600.0	238.8	7591.0	10
