pop	gen	nfe	initnfe	lsnfe	rmnfe	bmnfe	successes
130	2.0	23335.0	130.0	19500.0	342.0	3363.0	1
160	1.75	28006.75	160.0	24000.0	137.75	3709.0	4
190	3.4	34002.6	190.0	28500.0	329.6	4983.0	5
220	2.5	39440.0	220.0	33000.0	231.5	5988.5	2
250	2.0	44260.0	250.0	37500.0	184.5	6325.5	2
255	2.0	44895.0	254.0	38100.0	423.0	6118.0	1
260	2.0	45918.0	260.0	39000.0	302.0	6356.0	1
270	3.0	48277.333333333336	270.0	40500.0	346.6666666666667	7160.666666666667	3
275	3.0	49535.2	274.0	41100.0	339.4	7821.8	5
276	2.0	48600.5	276.0	41400.0	124.5	6800.0	2
277	2.0	48896.0	276.0	41400.0	230.5	6989.5	2
278	2.0	49372.8	278.0	41700.0	125.6	7269.2	5
279	2.0	49414.25	278.0	41700.0	210.75	7225.5	4
280	2.2	49398.7	280.0	42000.0	314.4	6804.3	10
281	2.25	50019.5	280.0	42000.0	227.0	7512.5	4
282	3.25	50278.75	282.0	42300.0	578.0	7118.75	4
283	2.8	50092.8	282.0	42300.0	446.8	7064.0	5
284	3.5	50475.5	284.0	42600.0	295.5	7296.0	2
285	2.7	50462.0	284.0	42600.0	271.2	7306.8	10
290	2.888888888888889	52051.666666666664	290.0	43500.0	392.55555555555554	7869.111111111111	9
295	2.5	51982.0	294.0	44100.0	99.5	7488.5	2
300	3.0	53063.0	300.0	45000.0	323.6666666666667	7439.333333333333	3
305	3.0	53947.0	304.0	45600.0	445.3333333333333	7597.666666666667	3
