pop	gen	nfe	initnfe	lsnfe	rmnfe	bmnfe	successes
160	3.0	28730.0	160.0	24000.0	250.0	4320.0	1
190	2.0	33947.333333333336	190.0	28500.0	233.66666666666666	5023.666666666667	3
280	2.2	49670.2	280.0	42000.0	216.0	7174.2	5
310	3.111111111111111	55033.77777777778	310.0	46500.0	454.22222222222223	7769.555555555556	9
340	14.0	63675.0	340.0	51000.0	2637.0	9698.0	3
375	2.0	66206.6	374.0	56100.0	233.0	9499.6	5
385	2.0	68020.33333333333	384.0	57600.0	271.3333333333333	9765.0	3
390	2.0	68778.375	390.0	58500.0	246.75	9641.625	8
391	8.4	69904.4	390.0	58500.0	1160.4	9854.0	10
392	2.1	69352.3	392.0	58800.0	233.8	9926.5	10
393	2.1	69388.3	392.0	58800.0	234.3	9962.0	10
394	2.0	68969.5	394.0	59100.0	143.0	9332.5	2
395	1.9	69318.4	394.0	59100.0	261.9	9562.5	10
396	2.0	70157.125	396.0	59400.0	234.375	10126.75	8
397	1.8888888888888888	70106.66666666667	396.0	59400.0	212.22222222222223	10098.444444444445	9
398	1.8	69636.4	398.0	59700.0	221.6	9316.8	10
399	1.7	69666.6	398.0	59700.0	208.1	9360.5	10
400	2.7	71053.0	400.0	60000.0	404.0	10249.0	10
405	1.7	70717.0	404.0	60600.0	181.2	9531.8	10
410	2.1	72481.9	410.0	61500.0	150.1	10421.8	10
415	1.3333333333333333	73203.33333333333	414.0	62100.0	101.66666666666667	10587.666666666666	3
420	2.5	74313.25	420.0	63000.0	391.5	10501.75	4
425	1.75	74377.0	424.0	63600.0	486.0	9867.0	4
