pop	gen	nfe	initnfe	lsnfe	rmnfe	bmnfe	successes
45	7.0	8016.0	44.0	6600.0	259.0	1113.0	1
65	3.3	11411.7	64.0	9600.0	105.5	1642.2	10
68	3.0	11708.857142857143	68.0	10200.0	111.0	1329.857142857143	7
69	3.0	11690.5	68.0	10200.0	113.5	1309.0	8
70	2.1	12401.3	70.0	10500.0	87.8	1743.5	10
80	3.0	14253.9	80.0	12000.0	139.0	2034.9	10
85	2.2	14939.4	84.0	12600.0	93.6	2161.8	5
90	2.8	15999.9	90.0	13500.0	123.8	2286.1	10
95	1.4	16639.6	94.0	14100.0	50.3	2395.3	10
100	1.7	17688.1	100.0	15000.0	59.7	2528.4	10
130	1.5	23044.8	130.0	19500.0	85.0	3329.8	10
160	2.3	28445.7	160.0	24000.0	201.8	4083.9	10
