pop	gen	nfe	initnfe	lsnfe	rmnfe	bmnfe	successes
40	2.0	7068.0	40.0	6000.0	90.0	938.0	1
72	1.6	12709.8	72.0	10800.0	47.7	1790.1	10
73	2.5	12494.0	72.0	10800.0	78.5	1543.5	2
74	2.0	13154.0	74.0	11100.0	71.5	1908.5	2
75	1.9	13165.3	74.0	11100.0	71.4	1919.9	10
76	2.6666666666666665	13532.111111111111	76.0	11400.0	101.11111111111111	1955.0	9
77	2.75	13538.125	76.0	11400.0	106.625	1955.5	8
85	3.9	15055.9	84.0	12600.0	193.3	2178.6	10
90	1.5	15973.5	90.0	13500.0	80.0	2303.5	10
95	1.4	16608.4	94.0	14100.0	51.8	2362.6	10
100	2.2	17747.8	100.0	15000.0	104.4	2543.4	10
105	2.0	18012.6	104.0	15600.0	60.4	2248.2	10
110	4.1	19761.4	110.0	16500.0	374.2	2777.2	10
115	1.8	20217.5	114.0	17100.0	99.0	2904.5	10
120	2.2	21360.8	120.0	18000.0	144.2	3096.6	10
125	2.1	22008.9	124.0	18600.0	134.4	3150.5	10
130	1.2	22699.7	130.0	19500.0	49.5	3020.2	10
160	1.6	28179.9	160.0	24000.0	60.3	3959.6	10
