pop	gen	nfe	initnfe	lsnfe	rmnfe	bmnfe	successes
100	77.0	271078.0	100.0	40000.0	146325.0	84653.0	1
130	31.0	231850.0	130.0	52000.0	87266.0	92454.0	1
160	54.888888888888886	365348.1111111111	160.0	64000.0	181602.44444444444	119585.66666666667	9
190	31.88888888888889	342473.77777777775	190.0	76000.0	128155.0	138128.77777777778	9
220	18.5	342177.3333333333	220.0	88000.0	95402.66666666667	158554.66666666666	6
250	16.0	368178.5	250.0	100000.0	94927.5	173001.0	2
255	45.3	511703.1	254.0	101600.0	222328.3	187520.8	10
260	26.5	422708.5	260.0	104000.0	134243.0	184205.5	6
261	27.142857142857142	438727.85714285716	260.0	104000.0	149802.42857142858	184665.42857142858	7
262	17.5	385867.0	262.0	104800.0	98255.75	182549.25	4
263	24.857142857142858	452958.85714285716	262.0	104800.0	152712.2857142857	195184.57142857142	7
264	21.333333333333332	418385.6666666667	264.0	105600.0	129094.33333333333	183427.33333333334	3
265	15.1	382936.3	264.0	105600.0	91522.4	185549.9	10
266	43.714285714285715	534148.1428571428	266.0	106400.0	231897.85714285713	195584.2857142857	7
267	29.4	473061.0	266.0	106400.0	170303.0	196092.0	10
268	14.714285714285714	382526.0	268.0	107200.0	88403.28571428571	186654.7142857143	7
269	24.6	442973.5	268.0	107200.0	141151.3	194354.2	10
270	35.3	491910.8	270.0	108000.0	187383.6	196257.2	10
275	30.4	492345.8	274.0	109600.0	183756.6	198715.2	10
280	14.6	400671.0	280.0	112000.0	94412.7	193978.3	10
285	14.777777777777779	405930.55555555556	284.0	113600.0	96937.11111111111	195109.44444444444	9
290	26.7	483721.2	290.0	116000.0	159484.4	207946.8	10
300	18.3	449819.6	300.0	120000.0	116263.5	213256.1	10
305	14.9	440340.6	304.0	121600.0	104601.4	213835.2	10
