pop	gen	nfe	initnfe	lsnfe	rmnfe	bmnfe	successes
100	121.25	366059.25	100.0	40000.0	238721.75	87237.5	4
160	40.0	321712.0	160.0	64000.0	134797.0	122755.0	2
220	90.33333333333333	695748.0	220.0	88000.0	411376.6666666667	196151.33333333334	3
250	69.0	700646.0	250.0	100000.0	380991.0	219405.0	1
280	34.5	553090.0	280.0	112000.0	207470.5	233339.5	8
340	62.42857142857143	881651.7142857143	340.0	136000.0	445299.14285714284	300012.5714285714	7
345	45.5	766023.0	344.0	137600.0	324598.1666666667	303480.8333333333	6
350	37.666666666666664	738804.3333333334	350.0	140000.0	289242.3333333333	309212.0	3
351	18.0	576554.0	350.0	140000.0	140871.33333333334	295332.6666666667	3
352	34.3	723615.9	352.0	140800.0	278367.6	304096.3	10
354	17.333333333333332	577941.0	354.0	141600.0	147174.33333333334	288812.6666666667	3
355	25.0	638962.3	354.0	141600.0	200464.4	296543.9	10
356	46.888888888888886	820231.4444444445	356.0	142400.0	365602.77777777775	311872.6666666667	9
357	17.166666666666668	590395.6666666666	356.0	142400.0	153323.0	294316.6666666667	6
358	26.0	675441.75	358.0	143200.0	223454.125	308429.625	8
359	29.2	682880.6	358.0	143200.0	236561.8	302760.8	10
365	52.7	877139.8	364.0	145600.0	408779.5	322396.3	10
370	33.0	737343.1	370.0	148000.0	266856.9	322116.2	10
375	38.2	774586.7	374.0	149600.0	307645.0	316967.7	10
380	48.6	885990.0	380.0	152000.0	401711.7	331898.3	10
385	53.5	940041.7	384.0	153600.0	439498.6	346559.1	10
390	21.9	707475.1	390.0	156000.0	207829.1	343256.0	10
395	26.7	739492.5	394.0	157600.0	242412.6	339085.9	10
