pop	gen	nfe	initnfe	lsnfe	rmnfe	bmnfe	successes
130	61.0	301633.0	130.0	52000.0	150351.0	99152.0	1
160	183.0	751392.0	160.0	64000.0	551939.0	135293.0	1
250	22.0	412750.0	250.0	100000.0	129336.0	183164.0	1
280	56.0	665944.8	280.0	112000.0	325999.8	227665.0	5
310	39.2	622121.8	310.0	124000.0	254702.2	243109.6	5
340	42.0	754331.0	340.0	136000.0	324295.0	293696.0	1
370	54.77777777777778	910551.6666666666	370.0	148000.0	457923.8888888889	304257.77777777775	9
400	32.666666666666664	769134.3333333334	400.0	160000.0	280622.6666666667	328111.6666666667	3
460	10.5	649003.0	460.0	184000.0	120911.5	343631.5	2
490	8.5	686476.0	490.0	196000.0	102877.0	387109.0	2
495	8.0	659535.0	494.0	197600.0	89352.0	372089.0	1
500	15.5	759922.0	500.0	200000.0	170346.0	389076.0	2
505	91.0	1634205.5	504.0	201600.0	966268.5	465833.0	2
510	36.0	996732.0	510.0	204000.0	357506.0	434716.0	1
515	43.0	1069255.6666666667	514.0	205600.0	437140.3333333333	426001.3333333333	6
516	146.0	2128525.0	516.0	206400.0	1452453.0	469156.0	1
517	48.75	1139833.75	516.0	206400.0	508227.5	424690.25	4
518	28.2	977102.0	518.0	207200.0	333086.6	436297.4	10
519	29.0	954698.125	518.0	207200.0	308566.375	438413.75	8
520	29.3	983014.9	520.0	208000.0	344557.4	429937.5	10
521	8.0	705391.0	520.0	208000.0	95989.0	400882.0	1
522	35.6	1046995.2	522.0	208800.0	408395.0	429278.2	5
523	31.2	1011483.6	522.0	208800.0	362790.8	439370.8	10
524	34.25	1056235.25	524.0	209600.0	415278.5	430832.75	4
525	21.666666666666668	887357.3333333334	524.0	209600.0	267059.6666666667	410173.6666666667	3
530	53.25	1261308.0	530.0	212000.0	579001.5	469776.5	8
535	30.4	1005732.1	534.0	213600.0	347775.2	443822.9	10
540	11.333333333333334	779007.3333333334	540.0	216000.0	141461.0	421006.3333333333	3
545	42.9	1198005.4	544.0	217600.0	514726.4	465135.0	10
