pop	gen	nfe	initnfe	lsnfe	rmnfe	bmnfe	successes
400	117.0	1615844.0	400.0	160000.0	1026089.0	429355.0	1
430	14.0	704759.0	430.0	172000.0	142369.0	389960.0	1
460	149.0	2294552.5	460.0	184000.0	1637452.5	472640.0	2
490	34.5	1026039.5	490.0	196000.0	378025.0	451524.5	2
550	62.0	1671886.0	550.0	220000.0	842067.0	609269.0	1
580	15.0	968006.6666666666	580.0	232000.0	202025.66666666666	533401.0	3
585	60.25	1526896.25	584.0	233600.0	724852.875	567859.375	8
590	45.5	1433905.75	590.0	236000.0	604240.5	593075.25	4
595	63.833333333333336	1640198.0	594.0	237600.0	813206.0	588798.0	6
606	17.333333333333332	1024446.6666666666	606.0	242400.0	238180.33333333334	543260.3333333334	3
607	53.8	1560120.0	606.0	242400.0	729789.8	587324.2	10
608	45.0	1451365.0	608.0	243200.0	628103.5	579453.5	2
609	87.0	2083066.3333333333	608.0	243200.0	1227848.0	611410.3333333334	3
610	25.2	1161536.7	610.0	244000.0	339721.4	577205.3	10
611	38.0	1362467.0	610.0	244000.0	525657.9	592199.1	10
612	21.666666666666668	1127739.1666666667	612.0	244800.0	306797.6666666667	575529.5	6
613	35.0	1315154.3333333333	612.0	244800.0	472788.6666666667	596953.6666666666	3
614	34.9	1310873.9	614.0	245600.0	471637.8	593022.1	10
615	21.666666666666668	1151352.0	614.0	245600.0	297085.6666666667	608052.3333333334	3
620	58.5	1687785.5	620.0	248000.0	780146.0	659019.5	4
625	20.0	1168995.0	624.0	249600.0	340470.0	578301.0	1
630	43.666666666666664	1498108.0	630.0	252000.0	640871.6666666666	604606.3333333334	3
635	34.0	1424776.0	634.0	253600.0	487465.0	683077.0	1
