pop	gen	nfe	initnfe	lsnfe	rmnfe	bmnfe	successes
100	126.0	375531.5	100.0	40000.0	241162.5	94269.0	2
190	53.25	445205.875	190.0	76000.0	204138.25	164877.625	8
250	55.5	615842.25	250.0	100000.0	286388.875	229203.375	8
255	55.666666666666664	618123.3333333334	254.0	101600.0	286824.0	229445.33333333334	3
260	39.6	547230.4	260.0	104000.0	221072.6	221897.8	5
265	29.0	506265.0	264.0	105600.0	173887.33333333334	226513.66666666666	3
275	58.2	686800.5	274.0	109600.0	333586.0	243340.5	10
280	42.6	619192.5	280.0	112000.0	260128.5	246784.0	10
285	43.6	634521.2	284.0	113600.0	266115.7	254521.5	10
290	56.2	731879.9	290.0	116000.0	358598.2	256991.7	10
295	33.0	601454.0	294.0	117600.0	226579.0	256981.0	1
296	39.7	634820.9	296.0	118400.0	254935.6	261189.3	10
297	40.9	635523.8	296.0	118400.0	261719.3	255108.5	10
298	49.0	697375.0	298.0	119200.0	304233.22222222225	273643.77777777775	9
299	50.1	706233.1	298.0	119200.0	317869.4	268865.7	10
300	27.1	555869.8	300.0	120000.0	181734.1	253835.7	10
301	40.625	643871.875	300.0	120000.0	262554.625	261017.25	8
302	42.4	668432.8	302.0	120800.0	281364.4	265966.4	5
303	33.42857142857143	590791.1428571428	302.0	120800.0	207388.57142857142	262300.5714285714	7
304	52.75	744881.75	304.0	121600.0	353043.5	269934.25	4
