pop	gen	nfe	initnfe	lsnfe	rmnfe	bmnfe	successes
100	84.0	297734.0	100.0	40000.0	179981.0	77653.0	1
130	54.833333333333336	287580.3333333333	130.0	52000.0	136466.5	98983.83333333333	6
190	31.0	327497.0	190.0	76000.0	120613.0	130694.0	1
220	26.0	365883.0	220.0	88000.0	121237.0	156426.0	1
250	48.42857142857143	520628.14285714284	250.0	100000.0	233008.14285714287	187370.0	7
280	41.0	556221.0	280.0	112000.0	233563.5	210377.5	2
310	30.625	552792.75	310.0	124000.0	201453.125	227029.625	8
340	37.857142857142854	647579.1428571428	340.0	136000.0	249362.57142857142	261876.57142857142	7
370	27.625	635533.0	370.0	148000.0	208703.5	278459.5	8
400	11.0	582613.0	400.0	160000.0	111781.0	310432.0	1
410	26.2	683284.2	410.0	164000.0	214614.3	304259.9	10
416	14.6	612190.1	416.0	166400.0	132357.6	313016.5	10
417	14.5	630993.5	416.0	166400.0	148298.5	315879.0	2
418	14.4	616562.7	418.0	167200.0	135768.7	313176.0	10
419	24.0	679224.5	418.0	167200.0	199524.875	312081.625	8
420	20.3	674276.6	420.0	168000.0	187873.4	317983.2	10
421	16.5	633781.0	420.0	168000.0	152174.4	313186.6	10
422	14.0	625510.0	422.0	168800.0	158531.0	297757.0	1
423	33.75	792026.5	422.0	168800.0	297569.5	325235.0	4
424	25.375	730153.125	424.0	169600.0	230081.875	330047.25	8
425	51.2	936978.3	424.0	169600.0	426618.0	340336.3	10
430	23.7	721490.2	430.0	172000.0	220063.2	328997.0	10
440	19.5	705781.5	440.0	176000.0	193859.25	335482.25	4
445	18.666666666666668	707778.0	444.0	177600.0	193500.33333333334	336233.6666666667	3
450	16.9	688944.9	450.0	180000.0	169024.6	339470.3	10
455	14.0	660461.0	454.0	181600.0	141125.0	337282.0	1
