pop	gen	nfe	initnfe	lsnfe	rmnfe	bmnfe	successes
130	80.5	370301.0	130.0	52000.0	199045.0	119126.0	2
160	95.5	529169.0	160.0	64000.0	312080.5	152928.5	2
280	56.0	720574.0	280.0	112000.0	351137.0	257157.0	1
310	41.5	660873.0	310.0	124000.0	259460.5	277102.5	2
340	29.5	653837.0	340.0	136000.0	216348.5	301148.5	2
375	57.0	928400.0	374.0	149600.0	428711.0	349715.0	1
380	36.0	847660.0	380.0	152000.0	328555.4	366724.6	5
390	53.6	962228.3	390.0	156000.0	433256.5	372581.8	10
395	58.0	991863.375	394.0	157600.0	465850.5	368018.875	8
396	23.333333333333332	736465.3333333334	396.0	158400.0	215284.0	362385.3333333333	3
397	37.5	852431.5	396.0	158400.0	315254.5	378381.0	2
398	61.5	1055617.8333333333	398.0	159200.0	520177.5	375842.3333333333	6
399	60.5	1028106.6666666666	398.0	159200.0	488353.8333333333	380154.8333333333	6
400	35.4	841581.4	400.0	160000.0	303285.8	377895.6	10
401	80.4	1216799.4	400.0	160000.0	647371.2	409028.2	5
402	45.25	923272.375	402.0	160800.0	387685.625	374384.75	8
404	66.42857142857143	1095205.857142857	404.0	161600.0	539404.2857142857	393797.5714285714	7
405	71.5	1119301.75	404.0	161600.0	578068.25	379229.5	4
410	80.0	1269129.0	410.0	164000.0	703662.0	401057.0	1
415	26.666666666666668	796850.0	414.0	165600.0	258218.66666666666	372617.3333333333	3
420	47.6	980023.0	420.0	168000.0	415899.1	395703.9	10
425	37.333333333333336	893185.8333333334	424.0	169600.0	330415.3333333333	392746.5	6
