pop	gen	nfe	initnfe	lsnfe	rmnfe	bmnfe	successes
70	89.55555555555556	101543.44444444444	70.0	7000.0	29623.0	64850.444444444445	9
75	91.6	115946.4	74.0	7400.0	33685.2	74787.2	5
85	61.666666666666664	99243.33333333333	84.0	8400.0	23593.666666666668	67165.66666666667	3
90	63.666666666666664	111984.0	90.0	9000.0	26500.333333333332	76393.66666666667	3
91	87.8	149381.9	90.0	9000.0	38493.5	101798.4	10
92	60.625	115242.125	92.0	9200.0	26137.75	79812.375	8
93	52.1	100044.5	92.0	9200.0	21829.6	68922.9	10
94	87.1	160381.7	94.0	9400.0	40058.4	110829.3	10
95	67.3	132126.0	94.0	9400.0	31559.9	91072.1	10
96	139.0	245190.0	96.0	9600.0	64094.0	171400.0	1
97	103.0	188686.5	96.0	9600.0	47625.0	131365.5	2
98	86.0	170782.8	98.0	9800.0	41879.2	119005.6	10
99	90.9	180983.7	98.0	9800.0	45647.5	125438.2	10
100	62.6	133713.2	100.0	10000.0	30285.7	93327.5	10
105	65.1	151030.5	104.0	10400.0	33716.5	106810.0	10
110	55.5	145449.5	110.0	11000.0	29926.8	104412.7	10
115	60.5	164301.8	114.0	11400.0	34498.0	118289.8	10
120	51.9	158563.8	120.0	12000.0	31249.3	115194.5	10
125	57.9	183759.2	124.0	12400.0	36508.1	134727.1	10
130	55.8	193793.2	130.0	13000.0	37521.8	143141.4	10
160	39.9	208820.4	160.0	16000.0	33744.7	158915.7	10
