pop	gen	nfe	initnfe	lsnfe	rmnfe	bmnfe	successes
45	137.4	76045.8	44.0	4400.0	29173.2	42428.6	5
50	114.4	75417.8	50.0	5000.0	26129.0	44238.8	5
55	83.125	65001.625	54.0	5400.0	20196.375	39351.25	8
61	114.5	108181.5	60.0	6000.0	33248.5	68873.0	2
62	86.9	85716.3	62.0	6200.0	25718.7	53735.6	10
63	93.8	92278.7	62.0	6200.0	27830.0	58186.7	10
64	65.0	70383.25	64.0	6400.0	19792.75	44126.5	4
65	87.1	89413.7	64.0	6400.0	26754.6	56195.1	10
66	85.0	93167.2	66.0	6600.0	26869.8	59631.4	5
67	68.0	75340.33333333333	66.0	6600.0	20610.0	48064.333333333336	6
68	78.2	91865.4	68.0	6800.0	26966.0	58031.4	10
69	93.8	108246.2	68.0	6800.0	33164.4	68213.8	10
70	80.7	97055.1	70.0	7000.0	26414.7	63570.4	10
75	86.4	110754.5	74.0	7400.0	29487.1	73793.4	10
80	82.9	125770.7	80.0	8000.0	32010.5	85680.2	10
85	58.1	99684.8	84.0	8400.0	22837.3	68363.5	10
90	50.0	98879.6	90.0	9000.0	21168.5	68621.1	10
95	48.4	103773.3	94.0	9400.0	21291.1	72988.2	10
100	43.5	106092.9	100.0	10000.0	20464.5	75528.4	10
130	35.7	140003.9	130.0	13000.0	22987.2	103886.7	10
160	31.9	187278.6	160.0	16000.0	26262.8	144855.8	10
