pop	gen	nfe	initnfe	lsnfe	rmnfe	bmnfe	successes
40	114.0	53092.6	40.0	4000.0	19854.6	29198.0	5
45	116.14285714285714	64631.0	44.0	4400.0	23821.428571428572	36365.57142857143	7
46	95.0	58507.0	46.0	4600.0	20915.4	32945.6	10
47	93.5	57226.25	46.0	4600.0	19966.125	32614.125	8
48	99.0	64017.666666666664	48.0	4800.0	21774.0	37395.666666666664	3
49	70.0	46975.0	48.0	4800.0	14482.0	27645.0	1
50	103.5	71509.2	50.0	5000.0	24365.3	42093.9	10
52	121.875	85073.375	52.0	5200.0	28551.125	51270.25	8
53	107.8	76557.3	52.0	5200.0	25109.2	46196.1	10
54	97.33333333333333	77046.66666666667	54.0	5400.0	23402.0	48190.666666666664	3
55	101.2	77933.6	54.0	5400.0	25051.3	47428.3	10
60	81.9	76660.9	60.0	6000.0	22573.3	48027.6	10
65	81.2	83566.5	64.0	6400.0	23455.6	53646.9	10
70	77.8	92764.3	70.0	7000.0	24770.5	60923.8	10
75	62.9	86091.4	74.0	7400.0	21324.3	57293.1	10
80	83.4	124336.2	80.0	8000.0	31420.5	84835.7	10
85	64.3	108633.1	84.0	8400.0	25178.3	74970.8	10
90	56.4	107245.1	90.0	9000.0	23660.7	74494.4	10
95	42.9	91690.9	94.0	9400.0	17978.5	64218.4	10
100	45.1	106251.7	100.0	10000.0	20894.6	75257.1	10
130	28.7	115886.8	130.0	13000.0	18087.6	84669.2	10
