pop	gen	nfe	initnfe	lsnfe	rmnfe	bmnfe	successes
40	76.0	39265.0	40.0	4000.0	12528.0	22697.0	1
70	125.33333333333333	141483.0	70.0	7000.0	43750.666666666664	90662.33333333333	3
100	35.0	85332.6	100.0	10000.0	16041.6	59191.0	5
130	63.666666666666664	224477.16666666666	130.0	13000.0	42192.5	169154.66666666666	6
135	64.0	239231.9	134.0	13400.0	44141.8	181556.1	10
140	74.7	285891.0	140.0	14000.0	54812.3	216938.7	10
145	94.16666666666667	370341.6666666667	144.0	14400.0	70798.83333333333	284998.8333333333	6
150	67.9	303866.1	150.0	15000.0	53439.2	235276.9	10
151	48.1	221661.9	150.0	15000.0	36862.0	169649.9	10
152	57.5	271411.7	152.0	15200.0	46052.6	210007.1	10
153	64.5	299102.8	152.0	15200.0	51554.1	232196.7	10
154	85.3	382189.4	154.0	15400.0	69571.8	297063.6	10
155	38.9	197379.0	154.0	15400.0	30741.0	151084.0	10
156	58.9	283231.6	156.0	15600.0	48337.1	219138.5	10
157	53.0	262863.4	156.0	15600.0	42715.3	204392.1	10
158	48.9	250276.0	158.0	15800.0	40379.5	193938.5	10
159	77.0	361119.0	158.0	15800.0	62166.0	282995.0	1
160	54.9	283556.4	160.0	16000.0	46701.4	220695.0	10
165	55.1	296006.5	164.0	16400.0	47983.2	231459.3	10
170	51.2	297698.6	170.0	17000.0	45734.8	234793.8	10
175	46.3	281816.5	174.0	17400.0	42607.5	221635.0	10
180	30.8	215436.6	180.0	18000.0	28791.6	168465.0	10
185	55.4	363663.3	184.0	18400.0	54638.7	290440.6	10
