pop	gen	nfe	initnfe	lsnfe	rmnfe	bmnfe	successes
41	122.7	55618.9	40.0	4000.0	22048.1	29530.8	10
43	90.9	45950.2	42.0	4200.0	17248.3	24459.9	10
44	113.0	61845.0	44.0	4400.0	25756.5	31644.5	2
45	96.7	51574.3	44.0	4400.0	19092.6	28037.7	10
46	118.2	66670.5	46.0	4600.0	25974.8	36049.7	10
47	102.0	57370.0	46.0	4600.0	21447.444444444445	31276.555555555555	9
48	79.7	50333.4	48.0	4800.0	16941.3	28544.1	10
49	92.9	57278.2	48.0	4800.0	20323.4	32106.8	10
50	104.8	67304.4	50.0	5000.0	24320.9	37933.5	10
55	76.1	58013.7	54.0	5400.0	17965.3	34594.4	10
60	73.5	66496.6	60.0	6000.0	19681.6	40755.0	10
65	61.0	63956.0	64.0	6400.0	17660.9	39831.1	10
70	73.8	87206.7	70.0	7000.0	24549.7	55587.0	10
75	49.7	65860.6	74.0	7400.0	15867.0	42519.6	10
80	59.5	89656.7	80.0	8000.0	21968.0	59608.7	10
85	51.0	86640.0	84.0	8400.0	20079.8	58076.2	10
90	39.7	77966.3	90.0	9000.0	16101.4	52774.9	10
95	46.5	96536.0	94.0	9400.0	20493.9	66548.1	10
100	38.7	91325.9	100.0	10000.0	17868.2	63357.7	10
130	33.1	125083.3	130.0	13000.0	20967.1	90986.2	10
160	25.7	148490.3	160.0	16000.0	21124.9	111205.4	10
