pop	gen	nfe	initnfe	lsnfe	rmnfe	bmnfe	successes
40	120.0	55232.5	40.0	4000.0	22822.0	28370.5	4
45	65.0	36612.666666666664	44.0	4400.0	11760.666666666666	20408.0	3
46	72.0	43705.0	46.0	4600.0	14722.666666666666	24336.333333333332	3
47	79.33333333333333	48281.0	46.0	4600.0	15906.0	27729.0	3
48	101.2	62427.5	48.0	4800.0	22343.2	35236.3	10
49	105.3	64508.0	48.0	4800.0	23506.2	36153.8	10
50	84.5	57939.2	50.0	5000.0	19179.4	33709.8	10
51	98.1	65208.1	50.0	5000.0	22559.1	37599.0	10
52	92.0	64929.666666666664	52.0	5200.0	21602.666666666668	38075.0	3
53	86.8	61830.2	52.0	5200.0	20851.2	35727.0	5
54	99.6	75809.7	54.0	5400.0	26002.8	44352.9	10
55	84.2	63462.1	54.0	5400.0	21203.4	36804.7	10
60	87.5	81245.1	60.0	6000.0	26089.4	49095.7	10
70	61.3	73616.7	70.0	7000.0	19293.0	47253.7	10
75	54.0	73338.5	74.0	7400.0	18072.1	47792.4	10
80	59.2	88541.1	80.0	8000.0	22178.2	58282.9	10
85	51.4	85820.8	84.0	8400.0	20034.1	57302.7	10
90	59.4	110845.5	90.0	9000.0	25348.9	76406.6	10
95	50.7	103897.6	94.0	9400.0	22554.2	71849.4	10
100	36.7	89429.0	100.0	10000.0	16974.0	62355.0	10
130	35.3	136440.4	130.0	13000.0	23114.3	100196.1	10
