pop	gen	nfe	initnfe	lsnfe	rmnfe	bmnfe	successes
40	173.0	77726.0	40.0	4000.0	33540.0	40146.0	1
75	95.0	124017.0	74.0	7400.0	33796.0	82747.0	1
85	131.0	199739.0	84.0	8400.0	56467.0	134788.0	3
95	92.125	177640.625	94.0	9400.0	44936.625	123210.0	8
97	32.0	78509.0	96.0	9600.0	15242.0	53571.0	2
98	36.0	86090.0	98.0	9800.0	16266.0	59926.0	1
99	36.0	86090.0	98.0	9800.0	16266.0	59926.0	1
100	77.6	169922.4	100.0	10000.0	38991.1	120831.3	10
101	79.75	175245.0	100.0	10000.0	41140.75	124004.25	4
103	71.0	163197.33333333334	102.0	10200.0	37201.666666666664	115693.66666666667	3
104	75.3	174929.6	104.0	10400.0	39833.5	124592.1	10
110	74.0	191846.5	110.0	11000.0	42146.1	138590.4	10
115	64.25	180036.0	114.0	11400.0	38343.0	130179.0	4
120	92.4	268906.0	120.0	12000.0	57952.1	198833.9	10
125	68.66666666666667	224465.66666666666	124.0	12400.0	43335.0	168606.66666666666	3
130	117.0	371038.0	130.0	13000.0	76422.0	281486.0	1
160	87.0	420927.5	160.0	16000.0	76158.5	328609.0	2
190	40.7	297821.7	190.0	19000.0	43831.7	234800.0	10
