pop	gen	nfe	initnfe	lsnfe	rmnfe	bmnfe	successes
40	140.75	66885.5	40.0	4000.0	25369.25	37476.25	4
45	100.33333333333333	57139.666666666664	44.0	4400.0	18346.333333333332	34349.333333333336	3
55	135.16666666666666	105947.0	54.0	5400.0	34016.833333333336	66476.16666666667	6
60	104.0	96678.66666666667	60.0	6000.0	27245.0	63373.666666666664	3
65	102.0	108127.375	64.0	6400.0	29438.625	72224.75	8
66	103.5	114457.9	66.0	6600.0	30668.4	77123.5	10
68	66.75	82352.25	68.0	6800.0	19780.0	55704.25	4
69	78.9	93257.4	68.0	6800.0	23574.9	62814.5	10
70	81.5	102019.9	70.0	7000.0	25776.6	69173.3	10
71	36.0	52485.0	70.0	7000.0	10972.0	34443.0	1
72	84.2	108774.5	72.0	7200.0	26539.7	74962.8	10
73	65.83333333333333	87998.83333333333	72.0	7200.0	19723.833333333332	61003.0	6
74	88.8	118116.1	74.0	7400.0	28613.3	82028.8	10
80	73.2	112811.2	80.0	8000.0	25995.8	78735.4	10
85	75.0	125642.16666666667	84.0	8400.0	28145.166666666668	89013.0	6
90	62.0	122066.5	90.0	9000.0	24275.875	88700.625	8
95	50.7	110230.4	94.0	9400.0	20761.6	79974.8	10
100	59.5	140966.8	100.0	10000.0	27646.2	103220.6	10
130	34.6	142419.6	130.0	13000.0	21369.0	107920.6	10
