pop	gen	nfe	initnfe	lsnfe	rmnfe	bmnfe	successes
20	141.0	27843.0	20.0	2000.0	17490.0	8333.0	1
30	155.66666666666666	47171.666666666664	30.0	3000.0	22600.0	21541.666666666668	6
36	65.0	27625.0	36.0	3600.0	10129.0	13860.0	1
37	65.0	27625.0	36.0	3600.0	10129.0	13860.0	1
38	114.0	50082.0	38.0	3800.0	20310.9	25933.1	10
39	123.33333333333333	53195.5	38.0	3800.0	21981.333333333332	27376.166666666668	6
40	87.7	42784.9	40.0	4000.0	16197.7	22547.2	10
41	94.6	45495.1	40.0	4000.0	17754.1	23701.0	10
42	105.8	53402.9	42.0	4200.0	20676.4	28484.5	10
43	104.8	53968.5	42.0	4200.0	21024.1	28702.4	10
44	125.3	65974.9	44.0	4400.0	25497.3	36033.6	10
45	85.5	47269.9	44.0	4400.0	16963.7	25862.2	10
50	84.5	57022.7	50.0	5000.0	18926.0	33046.7	10
55	104.6	78434.3	54.0	5400.0	26929.7	46050.6	10
60	73.3	68761.7	60.0	6000.0	20966.6	41735.1	10
65	64.2	67744.4	64.0	6400.0	18961.3	42319.1	10
70	57.4	70698.8	70.0	7000.0	18881.1	44747.7	10
100	38.0	90114.5	100.0	10000.0	18490.0	61524.5	10
