pop	gen	nfe	initnfe	lsnfe	rmnfe	bmnfe	successes
40	201.0	84606.0	40.0	4000.0	37481.0	43085.0	1
50	68.33333333333333	46965.0	50.0	5000.0	15417.333333333334	26497.666666666668	3
55	105.0	79523.0	54.0	5400.0	29633.666666666668	44435.333333333336	3
60	57.0	54076.0	60.0	6000.0	14903.0	33113.0	1
65	92.33333333333333	88868.5	64.0	6400.0	28630.833333333332	53773.666666666664	6
70	99.7	112912.6	70.0	7000.0	34901.0	70941.6	10
75	87.25	108742.0	74.0	7400.0	32232.0	69036.0	4
80	55.75	85561.0	80.0	8000.0	21222.75	56258.25	4
85	74.0	114772.6	84.0	8400.0	29676.0	76612.6	10
90	65.2	114680.0	90.0	9000.0	28731.4	76858.6	10
91	60.6	110383.8	90.0	9000.0	27443.2	73850.6	10
92	76.66666666666667	136954.0	92.0	9200.0	35202.666666666664	92459.33333333333	3
93	76.66666666666667	136954.0	92.0	9200.0	35202.666666666664	92459.33333333333	3
94	60.8	117218.1	94.0	9400.0	28028.8	79695.3	10
95	57.1	111629.1	94.0	9400.0	25905.6	76229.5	10
96	70.3	138385.1	96.0	9600.0	34163.0	94526.1	10
97	70.7	141033.8	96.0	9600.0	34247.6	97090.2	10
98	65.4	134176.8	98.0	9800.0	31425.5	92853.3	10
99	70.4	143830.6	98.0	9800.0	34398.9	99533.7	10
100	67.1	141818.1	100.0	10000.0	33391.1	98327.0	10
130	41.7	150328.2	130.0	13000.0	27803.5	109394.7	10
