pop	gen	nfe	initnfe	lsnfe	rmnfe	bmnfe	successes
130	83.0	273720.0	130.0	13000.0	59372.0	201218.0	1
135	76.5	277102.5	134.0	13400.0	58723.0	204845.5	2
140	117.0	438776.0	140.0	14000.0	94986.0	329650.0	1
142	76.0	305730.0	142.0	14200.0	62553.0	228835.0	1
143	76.0	305730.0	142.0	14200.0	62553.0	228835.0	1
145	100.6	397278.5	144.0	14400.0	86721.9	296012.6	10
146	86.66666666666667	363596.0	146.0	14600.0	72001.66666666667	276848.3333333333	3
147	78.0	339396.0	146.0	14600.0	65433.5	259216.5	2
148	85.0	353434.0	148.0	14800.0	71132.0	267354.0	1
149	60.875	263626.375	148.0	14800.0	51689.125	196989.25	8
150	92.8	408666.8	150.0	15000.0	85894.8	307622.0	5
155	103.5	470498.5	154.0	15400.0	96789.5	358155.0	2
160	82.4	401367.2	160.0	16000.0	78206.2	307001.0	10
165	85.2	429890.8	164.0	16400.0	83240.6	330086.2	5
170	75.33333333333333	413502.44444444444	170.0	17000.0	76242.22222222222	320090.22222222225	9
175	97.0	548423.0	174.0	17400.0	105397.0	425452.0	1
185	55.0	364972.0	184.0	18400.0	57851.0	288537.0	2
190	150.0	996048.0	190.0	19000.0	190215.0	786643.0	1
220	39.0	365994.5	220.0	22000.0	50171.0	293603.5	2
250	71.1	771398.5	250.0	25000.0	113113.8	633034.7	10
