pop	gen	nfe	initnfe	lsnfe	rmnfe	bmnfe	successes
40	63.0	28887.0	40.0	4000.0	9931.0	14916.0	1
100	106.8	216350.0	100.0	10000.0	53336.8	152913.2	5
130	114.2	346043.2	130.0	13000.0	75950.0	256963.2	5
135	81.14285714285714	279824.14285714284	134.0	13400.0	55159.71428571428	211130.42857142858	7
145	35.25	159826.5	144.0	14400.0	24855.25	120427.25	4
150	116.5	478129.0	150.0	15000.0	99224.0	363755.0	2
155	101.33333333333333	433237.6666666667	154.0	15400.0	82863.66666666667	334820.0	3
160	90.1	406928.6	160.0	16000.0	75576.8	315191.8	10
165	35.0	199547.2	164.0	16400.0	30249.2	152734.0	5
170	97.16666666666667	489993.0	170.0	17000.0	92068.5	380754.5	6
171	71.0	355261.0	170.0	17000.0	62988.0	275103.0	1
172	65.5	352560.7	172.0	17200.0	59839.2	275349.5	10
173	72.2	383321.2	172.0	17200.0	66797.0	299152.2	10
174	49.3	282358.6	174.0	17400.0	44850.2	219934.4	10
175	58.8	334784.9	174.0	17400.0	54564.0	262646.9	10
176	55.5	322547.0	176.0	17600.0	51410.0	253361.0	2
177	55.5	322547.0	176.0	17600.0	51410.0	253361.0	2
178	43.75	267841.5	178.0	17800.0	40741.75	209121.75	4
179	71.0	406406.0	178.0	17800.0	70692.66666666667	317735.3333333333	3
180	61.5	367006.6	180.0	18000.0	58884.2	289942.4	10
185	56.3	352927.2	184.0	18400.0	57899.3	276443.9	10
