pop	gen	nfe	initnfe	lsnfe	rmnfe	bmnfe	successes
70	151.0	171187.0	70.0	7000.0	52897.0	111220.0	2
100	70.0	154549.66666666666	100.0	10000.0	34858.166666666664	109591.5	6
130	73.625	255078.5	130.0	13000.0	53975.375	187973.125	8
135	65.85714285714286	241549.57142857142	134.0	13400.0	48750.42857142857	179265.14285714287	7
136	75.7	281976.9	136.0	13600.0	59313.1	208927.8	10
137	64.0	242706.66666666666	136.0	13600.0	47634.555555555555	181336.11111111112	9
138	73.2	285031.1	138.0	13800.0	57577.7	213515.4	10
139	73.11111111111111	284004.55555555556	138.0	13800.0	58309.666666666664	211756.88888888888	9
140	64.3	259710.0	140.0	14000.0	50735.1	194834.9	10
141	86.4	338473.6	140.0	14000.0	72273.6	252060.0	10
142	66.2	268386.0	142.0	14200.0	54028.9	200015.1	10
143	76.7	307074.1	142.0	14200.0	64713.4	228018.7	10
144	45.9	204020.0	144.0	14400.0	36592.0	152884.0	10
145	85.57142857142857	345069.4285714286	144.0	14400.0	70346.0	260179.42857142858	7
150	60.6	272331.7	150.0	15000.0	50714.3	206467.4	10
155	68.6	323167.5	154.0	15400.0	63531.1	244082.4	10
160	63.0	318938.2	160.0	16000.0	57711.2	245067.0	10
165	58.7	316030.1	164.0	16400.0	55291.1	244175.0	10
170	49.6	286907.1	170.0	17000.0	49738.6	219998.5	10
175	43.9	274351.3	174.0	17400.0	43560.3	213217.0	10
180	58.2	360964.7	180.0	18000.0	60299.4	282485.3	10
185	43.5	298541.7	184.0	18400.0	46966.7	232991.0	10
