pop	gen	nfe	initnfe	lsnfe	rmnfe	bmnfe	successes
40	157.5	72696.5	40.0	4000.0	29944.0	38712.5	2
45	82.0	46568.0	44.0	4400.0	16662.0	25462.0	1
50	100.5	67272.0	50.0	5000.0	24081.5	38140.5	8
51	80.6	54962.4	50.0	5000.0	18286.5	31625.9	10
52	109.7	77314.6	52.0	5200.0	27767.7	44294.9	10
53	101.4	72328.0	52.0	5200.0	25070.6	42005.4	10
54	92.9	70390.6	54.0	5400.0	23216.8	41719.8	10
55	69.4	54794.6	54.0	5400.0	17466.4	31874.2	10
56	95.6	75867.1	56.0	5600.0	25058.0	45153.1	10
58	108.66666666666667	90261.44444444444	58.0	5800.0	30500.0	53903.444444444445	9
59	105.375	89149.125	58.0	5800.0	30061.625	53229.5	8
60	93.75	84072.5	60.0	6000.0	26763.75	51248.75	4
65	64.0	69309.1	64.0	6400.0	19590.3	43254.8	10
70	74.3	88231.7	70.0	7000.0	25923.3	55238.4	10
75	52.0	72134.5	74.0	7400.0	17940.9	46719.6	10
80	51.0	80587.66666666667	80.0	8000.0	19550.333333333332	52957.333333333336	3
85	68.6	112282.9	84.0	8400.0	29735.1	74063.8	10
90	59.5	111824.7	90.0	9000.0	27062.7	75672.0	10
95	49.0	100066.2	94.0	9400.0	22282.8	68289.4	10
100	49.3	112976.3	100.0	10000.0	23670.0	79206.3	10
130	27.4	111060.3	130.0	13000.0	17804.9	80125.4	10
