pop	gen	nfe	initnfe	lsnfe	rmnfe	bmnfe	successes
40	104.0	48940.0	40.0	4000.0	17959.0	26941.0	1
70	169.0	183721.0	70.0	7000.0	56998.0	119653.0	1
75	126.6	156635.9	74.0	7400.0	48558.3	100603.6	10
80	78.625	117211.125	80.0	8000.0	30259.5	78871.625	8
85	96.28571428571429	154008.42857142858	84.0	8400.0	41915.0	103609.42857142857	7
90	59.5	110906.7	90.0	9000.0	25667.2	76149.5	10
95	60.0	120548.75	94.0	9400.0	27585.25	83469.5	4
96	68.8	141571.8	96.0	9600.0	34416.1	97459.7	10
97	68.4	140669.7	96.0	9600.0	33349.3	97624.4	10
98	83.5	174099.6	98.0	9800.0	43665.9	120535.7	10
99	74.5	156282.4	98.0	9800.0	37264.3	109120.1	10
100	46.5	108728.8	100.0	10000.0	23204.5	75424.3	10
101	74.4	160526.9	100.0	10000.0	38422.7	112004.2	10
102	70.7	160821.7	102.0	10200.0	37838.1	112681.6	10
103	74.5	171955.9	102.0	10200.0	40724.5	120929.4	10
104	76.2	174295.3	104.0	10400.0	41046.1	122745.2	10
105	77.1	176773.2	104.0	10400.0	43393.9	122875.3	10
110	46.1	129047.4	110.0	11000.0	25729.7	92207.7	10
115	53.3	152791.3	114.0	11400.0	32078.5	109198.8	10
120	44.7	144681.6	120.0	12000.0	28678.5	103883.1	10
125	37.9	131640.6	124.0	12400.0	23474.0	95642.6	10
130	58.5	205383.5	130.0	13000.0	40625.6	151627.9	10
160	23.6	143216.4	160.0	16000.0	20526.4	106530.0	10
190	34.0	249590.8	190.0	19000.0	36096.8	194304.0	10
