pop	gen	nfe	initnfe	lsnfe	rmnfe	bmnfe	successes
75	88.66666666666667	113261.33333333333	74.0	7400.0	30235.666666666668	75551.66666666667	3
80	116.88888888888889	166678.11111111112	80.0	8000.0	46182.11111111111	112416.0	9
85	127.0	193129.0	84.0	8400.0	54347.0	130298.0	1
86	101.875	164867.0	86.0	8600.0	42562.875	113618.125	8
88	91.4	156897.6	88.0	8800.0	38204.0	109805.6	5
89	83.33333333333333	143855.33333333334	88.0	8800.0	34757.166666666664	100210.16666666667	6
90	75.5	136704.7	90.0	9000.0	32674.0	94940.7	10
91	96.3	168538.2	90.0	9000.0	42498.9	116949.3	10
92	66.66666666666667	125373.83333333333	92.0	9200.0	28401.166666666668	87680.66666666667	6
93	83.25	152504.5	92.0	9200.0	35874.0	107338.5	4
94	89.7	171632.9	94.0	9400.0	42367.8	119771.1	10
95	107.5	209674.0	94.0	9400.0	54722.0	145458.0	2
100	74.4	159733.0	100.0	10000.0	34821.3	114811.7	10
105	64.33333333333333	148868.66666666666	104.0	10400.0	32789.333333333336	105575.33333333333	3
110	63.1	166052.1	110.0	11000.0	34820.3	120121.8	10
115	66.4	183602.2	114.0	11400.0	37835.5	134252.7	10
120	17.0	64940.0	120.0	12000.0	9919.0	42901.0	1
125	45.9	154707.5	124.0	12400.0	28116.7	114066.8	10
130	48.2	175679.8	130.0	13000.0	30971.7	131578.1	10
160	40.8	221837.1	160.0	16000.0	33917.9	171759.2	10
190	41.6	303178.6	190.0	19000.0	42170.7	241817.9	10
