pop	gen	nfe	initnfe	lsnfe	rmnfe	bmnfe	successes
100	81.0	167723.25	100.0	10000.0	41529.25	116094.0	4
130	91.5	295652.5	130.0	13000.0	66367.5	216155.0	2
160	73.33333333333333	330826.3333333333	160.0	16000.0	63212.666666666664	251453.66666666666	3
190	52.125	352873.625	190.0	19000.0	54349.875	279333.75	8
195	63.0	423269.6666666667	194.0	19400.0	69088.55555555556	334587.1111111111	9
200	62.9	446418.6	200.0	20000.0	71822.1	354396.5	10
205	54.625	412902.375	204.0	20400.0	64225.875	328072.5	8
210	49.2	400953.6	210.0	21000.0	58145.6	321598.0	10
215	55.6	457151.2	214.0	21400.0	68859.6	366677.6	10
220	60.9	510390.7	220.0	22000.0	78985.2	409185.5	10
225	68.6	592720.1	224.0	22400.0	89709.8	480386.3	10
226	40.7	384452.9	226.0	22600.0	53800.1	307826.8	10
227	55.3	491879.0	226.0	22600.0	72807.9	396245.1	10
228	53.1	483713.5	228.0	22800.0	69755.6	390929.9	10
229	46.0	435029.7	228.0	22800.0	61390.9	350610.8	10
230	36.9	367777.6	230.0	23000.0	47610.3	296937.3	10
231	59.5	539633.7	230.0	23000.0	81106.9	435296.8	10
232	136.0	1174927.5	232.0	23200.0	198908.0	952587.5	2
233	136.0	1174927.5	232.0	23200.0	198908.0	952587.5	2
234	29.4	323162.1	234.0	23400.0	38767.7	260760.4	10
235	40.3	413833.5	234.0	23400.0	56359.7	333839.8	10
240	41.8	445918.4	240.0	24000.0	58082.5	363595.9	10
245	42.6	458175.6	244.0	24400.0	60806.7	372724.9	10
