pop	gen	nfe	initnfe	lsnfe	rmnfe	bmnfe	successes
30	101.0	32783.0	30.0	3000.0	14372.666666666666	15380.333333333334	3
35	100.375	39389.375	34.0	3400.0	17011.875	18943.5	8
40	91.8	44186.6	40.0	4000.0	16454.0	23692.6	10
41	73.25	36085.25	40.0	4000.0	13006.25	19039.0	8
42	75.4	40749.5	42.0	4200.0	15143.4	21364.1	10
43	78.4	41062.2	42.0	4200.0	14352.3	22467.9	10
44	67.4	38251.7	44.0	4400.0	12624.1	21183.6	10
45	62.7	36218.6	44.0	4400.0	12083.2	19691.4	10
46	72.6	43814.9	46.0	4600.0	14640.9	24528.0	10
47	62.2	39194.4	46.0	4600.0	12568.8	21979.6	10
48	68.8	45446.1	48.0	4800.0	14625.3	25972.8	10
49	65.8	43433.7	48.0	4800.0	13794.6	24791.1	10
50	69.5	49007.0	50.0	5000.0	15920.1	28036.9	10
55	87.14285714285714	66292.71428571429	54.0	5400.0	21323.0	39515.71428571428	7
60	50.3	49421.5	60.0	6000.0	13229.2	30132.3	10
65	48.7	54350.9	64.0	6400.0	13669.8	34217.1	10
70	39.9	52426.3	70.0	7000.0	12073.6	33282.7	10
100	26.5	69456.6	100.0	10000.0	12298.7	47057.9	10
130	16.2	74306.2	130.0	13000.0	9701.9	51474.3	10
