pop	gen	nfe	initnfe	lsnfe	rmnfe	bmnfe	successes
75	98.0	123492.0	74.0	7400.0	29843.0	86175.0	1
85	92.33333333333333	144963.33333333334	84.0	8400.0	33874.666666666664	102604.66666666667	3
88	73.9	129568.7	88.0	8800.0	29719.7	90961.0	10
89	68.5	121038.6	88.0	8800.0	27069.7	85080.9	10
90	63.8	120369.6	90.0	9000.0	25309.8	85969.8	10
91	83.77777777777777	146502.77777777778	90.0	9000.0	34403.0	103009.77777777778	9
92	76.7	145273.1	92.0	9200.0	32258.8	103722.3	10
93	74.7	142369.3	92.0	9200.0	31298.4	101778.9	10
94	69.4	139391.8	94.0	9400.0	29553.2	100344.6	5
95	92.66666666666667	175487.33333333334	94.0	9400.0	39373.77777777778	126619.55555555556	9
100	84.8	182740.2	100.0	10000.0	39580.6	133059.6	10
105	95.0	209233.0	104.0	10400.0	44615.333333333336	154113.66666666666	3
110	58.875	153882.0	110.0	11000.0	29842.0	112930.0	8
115	80.9	221766.6	114.0	11400.0	45178.9	165073.7	10
120	57.0	174190.5	120.0	12000.0	31885.8	130184.7	10
125	50.5	168058.2	124.0	12400.0	29338.7	126195.5	10
130	77.11111111111111	264083.6666666667	130.0	13000.0	48997.11111111111	201956.55555555556	9
160	49.0	262217.8	160.0	16000.0	39160.2	206897.6	10
190	32.7	254169.7	190.0	19000.0	31888.5	203091.2	10
220	28.6	296533.3	220.0	22000.0	33645.7	240667.6	10
