pop	gen	nfe	initnfe	lsnfe	rmnfe	bmnfe	successes
15	60.0	7222.0	14.0	1400.0	3655.0	2153.0	1
35	91.0	36904.0	34.0	3400.0	14448.0	19022.0	1
36	107.2	44758.8	36.0	3600.0	17033.4	24089.4	5
37	106.0	42184.0	36.0	3600.0	16288.0	22260.0	1
38	132.5	61196.5	38.0	3800.0	24397.5	32961.0	4
39	137.8	63195.4	38.0	3800.0	25103.2	34254.2	5
40	92.4	45696.2	40.0	4000.0	16130.6	25525.6	10
41	94.28571428571429	46933.142857142855	40.0	4000.0	16555.14285714286	26338.0	7
42	99.7	52913.7	42.0	4200.0	17565.7	31106.0	10
43	86.77777777777777	46630.22222222222	42.0	4200.0	15329.666666666666	27058.555555555555	9
44	103.4	59261.2	44.0	4400.0	20154.5	34662.7	10
45	62.75	37849.75	44.0	4400.0	11834.75	21571.0	4
50	86.3	61565.7	50.0	5000.0	18972.7	37543.0	10
55	64.0	53216.8	54.0	5400.0	14829.1	32933.7	10
60	37.8	41048.6	60.0	6000.0	9418.2	25570.4	5
65	74.9	80216.8	64.0	6400.0	20900.9	52851.9	10
70	68.1	84341.8	70.0	7000.0	20440.2	56831.6	10
100	29.7	80421.5	100.0	10000.0	13444.1	56877.4	10
130	22.8	98922.6	130.0	13000.0	13702.3	72090.3	10
