pop	gen	nfe	initnfe	lsnfe	rmnfe	bmnfe	successes
25	92.2	22118.6	24.0	2400.0	10403.0	9291.6	5
26	81.0	20784.0	26.0	2600.0	8438.142857142857	9719.857142857143	7
27	63.666666666666664	17682.333333333332	26.0	2600.0	7128.0	7928.333333333333	3
28	111.9	31570.2	28.0	2800.0	13296.6	15445.6	10
29	82.0	24276.9	28.0	2800.0	9820.3	11628.6	10
30	88.3	28134.0	30.0	3000.0	11031.7	14072.3	10
31	96.0	29954.1	30.0	3000.0	11824.4	15099.7	10
32	115.0	39335.1	32.0	3200.0	15310.4	20792.7	10
33	111.7	38266.5	32.0	3200.0	15252.9	19781.6	10
34	68.9	27605.8	34.0	3400.0	9702.3	14469.5	10
35	90.1	34203.7	34.0	3400.0	12294.5	18475.2	10
40	53.0	28636.4	40.0	4000.0	8605.6	15990.8	10
45	63.3	38585.1	44.0	4400.0	11403.7	22737.4	10
50	46.8	36387.9	50.0	5000.0	9120.1	22217.8	10
55	49.8	44636.0	54.0	5400.0	11115.2	28066.8	10
60	42.0	45703.8	60.0	6000.0	10145.9	29497.9	10
65	48.1	56852.9	64.0	6400.0	12679.1	37709.8	10
70	33.6	48508.7	70.0	7000.0	9489.8	31948.9	10
100	28.0	75006.0	100.0	10000.0	11837.6	53068.4	10
