pop	gen	nfe	initnfe	lsnfe	rmnfe	bmnfe	successes
100	80.625	166146.75	100.0	10000.0	39558.375	116488.375	8
130	52.125	185934.875	130.0	13000.0	34767.875	138037.0	8
160	54.0	270305.1	160.0	16000.0	46648.6	207496.5	10
165	42.1	230903.5	164.0	16400.0	36651.1	177688.4	10
170	37.5	220467.1	170.0	17000.0	34730.6	168566.5	10
175	35.6	223645.7	174.0	17400.0	33618.2	172453.5	10
176	43.1	261933.6	176.0	17600.0	41729.6	202428.0	10
177	45.666666666666664	276321.22222222225	176.0	17600.0	44847.22222222222	213698.0	9
178	45.2	281907.6	178.0	17800.0	44709.5	219220.1	10
179	37.8	241693.3	178.0	17800.0	36096.2	187619.1	10
180	31.1	207570.1	180.0	18000.0	30629.8	158760.3	10
181	41.3	257931.9	180.0	18000.0	38923.1	200828.8	10
182	41.8	275531.9	182.0	18200.0	42874.6	214275.3	10
183	38.5	257485.6	182.0	18200.0	38553.5	200550.1	10
184	38.0	257335.4	184.0	18400.0	38801.3	199950.1	10
185	35.8	242262.9	184.0	18400.0	35954.6	187724.3	10
190	37.1	268231.0	190.0	19000.0	39719.8	209321.2	10
195	52.8	369964.6	194.0	19400.0	58090.8	292279.8	10
200	27.6	229282.3	200.0	20000.0	29962.7	179119.6	10
205	50.7	394343.1	204.0	20400.0	59674.8	314064.3	10
210	32.8	292305.9	210.0	21000.0	39224.0	231871.9	10
215	28.2	266681.8	214.0	21400.0	33805.9	211261.9	10
