pop	gen	nfe	initnfe	lsnfe	rmnfe	bmnfe	successes
40	80.16666666666667	39414.833333333336	40.0	4000.0	14136.5	21238.333333333332	6
70	99.0	114824.33333333333	70.0	7000.0	32061.666666666668	75692.66666666667	3
100	81.0	170754.2	100.0	10000.0	38965.9	121688.3	10
105	52.3	127041.9	104.0	10400.0	27087.2	89450.7	10
110	64.4	166710.8	110.0	11000.0	36351.7	119249.1	10
115	38.857142857142854	120070.42857142857	114.0	11400.0	20730.428571428572	87826.0	7
120	43.9	139643.4	120.0	12000.0	25575.2	101948.2	10
125	49.6	164815.3	124.0	12400.0	31543.4	120747.9	10
126	55.8	185030.3	126.0	12600.0	35069.2	137235.1	10
127	46.6	163562.8	126.0	12600.0	28664.5	122172.3	10
128	45.8	165426.7	128.0	12800.0	30220.0	122278.7	10
129	48.0	171370.6	128.0	12800.0	31703.7	126738.9	10
130	27.9	112902.2	130.0	13000.0	17517.7	82254.5	10
131	38.6	146517.6	130.0	13000.0	24172.6	109215.0	10
132	47.9	178822.3	132.0	13200.0	32768.8	132721.5	10
133	50.0	186674.8	132.0	13200.0	33937.2	139405.6	10
134	36.2	150816.5	134.0	13400.0	23775.5	113507.0	10
135	57.2	215492.4	134.0	13400.0	38645.5	163312.9	10
140	29.2	131260.7	140.0	14000.0	20003.7	97117.0	10
145	37.5	171059.6	144.0	14400.0	26534.4	129981.2	10
150	30.5	156280.1	150.0	15000.0	23710.5	117419.6	10
155	28.7	155567.9	154.0	15400.0	21782.2	118231.7	10
