pop	gen	nfe	initnfe	lsnfe	rmnfe	bmnfe	successes
70	73.5	88759.5	70.0	7000.0	24418.0	57271.5	2
100	46.0	108981.33333333333	100.0	10000.0	21372.0	77509.33333333333	3
130	72.0	245290.625	130.0	13000.0	47512.125	184648.5	8
135	58.0	225170.0	134.0	13400.0	40155.333333333336	171480.66666666666	3
140	97.25	368229.25	140.0	14000.0	74353.5	279735.75	4
145	106.4	419203.0	144.0	14400.0	82162.4	322496.6	5
150	85.5	365067.6	150.0	15000.0	67024.1	282893.5	10
155	93.5	415294.5	154.0	15400.0	75697.75	324042.75	4
160	70.0	342944.0	160.0	16000.0	59384.2	267399.8	10
165	29.0	180415.0	164.0	16400.0	23630.0	140221.0	1
170	83.5	458097.6	170.0	17000.0	80811.2	360116.4	10
175	61.8	364545.1	174.0	17400.0	57766.0	289205.1	10
176	60.0	366135.2	176.0	17600.0	58380.6	289978.6	10
177	56.3	346364.5	176.0	17600.0	54876.9	273711.6	10
178	53.7	332269.1	178.0	17800.0	51195.6	263095.5	10
179	47.6	305862.8	178.0	17800.0	44311.0	243573.8	5
180	50.8	328076.2	180.0	18000.0	48861.2	261035.0	10
181	46.9	303995.8	180.0	18000.0	44932.7	240883.1	10
182	90.9	547862.5	182.0	18200.0	95384.7	434095.8	10
183	68.2	423840.4	182.0	18200.0	67445.6	338012.8	10
184	60.4	412523.2	184.0	18400.0	59481.2	334458.0	5
185	80.1	500707.6	184.0	18400.0	85195.3	396928.3	10
