pop	gen	nfe	initnfe	lsnfe	rmnfe	bmnfe	successes
40	116.25	52353.25	40.0	4000.0	19731.0	28582.25	4
45	116.66666666666667	62227.0	44.0	4400.0	22219.333333333332	35563.666666666664	6
50	104.66666666666667	71886.33333333333	50.0	5000.0	24518.0	42318.333333333336	3
56	110.0	87209.2	56.0	5600.0	27777.2	53776.0	5
57	95.2	77983.4	56.0	5600.0	24381.6	47945.8	5
58	95.5	80819.7	58.0	5800.0	25308.2	49653.5	10
59	101.9	85030.8	58.0	5800.0	26789.8	52383.0	10
60	94.2	82951.9	60.0	6000.0	25116.0	51775.9	10
61	100.0	90012.0	60.0	6000.0	28355.5	55596.5	2
63	106.0	101742.0	62.0	6200.0	30765.5	64714.5	4
64	92.66666666666667	93045.16666666667	64.0	6400.0	26352.666666666668	60228.5	6
65	76.5	76549.5	64.0	6400.0	21133.5	48952.0	2
70	105.4	118891.2	70.0	7000.0	32748.0	79073.2	10
75	77.0	99975.8	74.0	7400.0	25818.3	66683.5	10
80	76.3	114208.0	80.0	8000.0	29046.5	77081.5	10
85	75.8	121059.1	84.0	8400.0	30445.6	82129.5	10
90	61.0	113717.5	90.0	9000.0	24677.6	79949.9	10
95	60.5	123796.0	94.0	9400.0	26578.2	87723.8	10
100	61.0	136417.2	100.0	10000.0	28102.5	98214.7	10
130	33.2	129448.3	130.0	13000.0	20865.0	95453.3	10
