pop	gen	nfe	initnfe	lsnfe	rmnfe	bmnfe	successes
100	115.5	248000.75	100.0	10000.0	61262.25	176638.5	4
135	89.0	328625.6	134.0	13400.0	66275.9	248815.7	10
140	79.14285714285714	325237.5714285714	140.0	14000.0	63674.71428571428	247422.85714285713	7
141	89.5	357128.5	140.0	14000.0	67565.0	275423.5	2
142	37.5	174496.5	142.0	14200.0	27078.5	133076.0	2
143	57.5	248900.0	142.0	14200.0	40679.0	193879.0	2
144	60.0	263667.8	144.0	14400.0	48277.4	200846.4	5
145	54.4	239273.4	144.0	14400.0	42114.6	182614.8	10
146	88.3	378309.2	146.0	14600.0	74084.8	289478.4	10
147	74.0	321661.0	146.0	14600.0	60816.9	246098.1	10
148	62.9	283274.4	148.0	14800.0	49211.8	219114.6	10
149	60.3	270528.8	148.0	14800.0	46968.8	208612.0	10
150	77.1	357834.4	150.0	15000.0	64410.8	278273.6	10
155	69.9	343178.9	154.0	15400.0	61387.8	266237.1	10
160	65.3	336661.7	160.0	16000.0	56673.0	263828.7	10
165	49.0	286524.0	164.0	16400.0	45794.0	224166.0	1
170	74.8	429158.8	170.0	17000.0	70419.5	341569.3	10
180	71.7	468133.5	180.0	18000.0	78695.4	371258.1	10
185	46.9	324436.8	184.0	18400.0	48328.1	257524.7	10
190	52.3	375765.1	190.0	19000.0	54477.8	302097.3	10
220	44.6	429881.0	220.0	22000.0	55678.2	351982.8	10
