pop	gen	nfe	initnfe	lsnfe	rmnfe	bmnfe	successes
70	58.0	70739.0	70.0	7000.0	17188.0	46481.0	3
100	117.0	237503.0	100.0	10000.0	59647.333333333336	167755.66666666666	3
130	106.33333333333333	342796.3333333333	130.0	13000.0	72353.66666666667	257312.66666666666	3
165	76.5	383867.4	164.0	16400.0	66563.9	300739.5	10
170	38.0	225097.5	170.0	17000.0	34643.5	173284.0	6
171	68.0	373526.1111111111	170.0	17000.0	61088.22222222222	295267.8888888889	9
172	77.4	421622.1	172.0	17200.0	71338.2	332911.9	10
173	75.2	408072.9	172.0	17200.0	69060.4	321640.5	10
174	69.6	392153.1	174.0	17400.0	63298.1	311281.0	10
175	57.4	333725.1	174.0	17400.0	53927.7	262223.4	10
176	48.8	298942.6	176.0	17600.0	45354.4	235812.2	10
177	63.4	377211.3	176.0	17600.0	59236.1	300199.2	10
178	58.3	358596.2	178.0	17800.0	55819.7	284798.5	10
179	62.9	374440.4	178.0	17800.0	60146.0	296316.4	10
180	90.2	530512.1	180.0	18000.0	89592.3	422739.8	10
185	76.6	474200.0	184.0	18400.0	78220.1	377395.9	10
190	67.5	446088.5	190.0	19000.0	70667.5	356231.0	10
195	53.0	388372.6666666667	194.0	19400.0	57074.333333333336	311704.3333333333	3
200	77.7	567762.0	200.0	20000.0	87055.6	460506.4	10
205	112.0	795658.0	204.0	20400.0	130304.0	644750.0	1
210	50.1	417178.7	210.0	21000.0	58157.9	337810.8	10
215	75.4	613352.6	214.0	21400.0	89513.5	502225.1	10
