pop	gen	nfe	initnfe	lsnfe	rmnfe	bmnfe	successes
20	127.0	17296.0	20.0	2000.0	8492.0	6784.0	1
25	68.66666666666667	16926.0	24.0	2400.0	7446.333333333333	7055.666666666667	3
26	121.25	30101.25	26.0	2600.0	14519.25	12956.0	4
27	152.0	35582.75	26.0	2600.0	17420.75	15536.0	4
28	68.1	19841.5	28.0	2800.0	8393.2	8620.3	10
29	79.4	22469.1	28.0	2800.0	9687.2	9953.9	10
30	90.9	27504.1	30.0	3000.0	11393.8	13080.3	10
31	97.5	29300.3	30.0	3000.0	12459.7	13810.6	10
32	64.3	22941.3	32.0	3200.0	8613.1	11096.2	10
33	67.4	23882.9	32.0	3200.0	9007.1	11643.8	10
34	84.8	31429.5	34.0	3400.0	12461.6	15533.9	10
35	82.4	30278.1	34.0	3400.0	12149.2	14694.9	10
40	57.0	28845.4	40.0	4000.0	9495.9	15309.5	10
45	49.8	28994.8	44.0	4400.0	8822.3	15728.5	10
50	39.0	30026.3	50.0	5000.0	7894.6	17081.7	10
55	42.2	36234.7	54.0	5400.0	9324.2	21456.5	10
60	37.1	38249.1	60.0	6000.0	9391.5	22797.6	10
65	28.5	34764.1	64.0	6400.0	7480.2	20819.9	10
70	31.4	42457.8	70.0	7000.0	9075.0	26312.8	10
100	20.7	55461.6	100.0	10000.0	9147.2	36214.4	10
130	13.1	62516.2	130.0	13000.0	8010.8	41375.4	10
