pop	gen	nfe	initnfe	lsnfe	rmnfe	bmnfe	successes
15	71.0	9108.0	14.0	1400.0	5430.0	2264.0	1
20	104.0	19054.0	20.0	2000.0	9650.0	7384.0	1
25	101.3	22920.1	24.0	2400.0	11151.7	9344.4	10
26	80.16666666666667	20819.166666666668	26.0	2600.0	8797.666666666666	9395.5	6
27	73.0	19532.5	26.0	2600.0	8179.0	8727.5	2
28	109.0	29478.0	28.0	2800.0	13344.0	13306.0	1
29	109.0	29478.0	28.0	2800.0	13344.0	13306.0	1
30	68.9	22194.0	30.0	3000.0	8358.2	10805.8	10
31	95.2	29777.0	30.0	3000.0	12754.3	13992.7	10
32	71.2	25060.0	32.0	3200.0	9764.9	12063.1	10
33	79.1	27199.8	32.0	3200.0	10723.2	13244.6	10
34	87.9	32430.9	34.0	3400.0	12533.9	16463.0	10
35	57.8	23007.8	34.0	3400.0	7811.4	11762.4	10
40	64.1	32280.8	40.0	4000.0	10778.1	17462.7	10
45	53.6	32265.5	44.0	4400.0	9543.2	18278.3	10
50	50.6	37453.3	50.0	5000.0	10047.7	22355.6	10
55	43.6	37802.4	54.0	5400.0	9455.2	22893.2	10
60	39.1	40913.2	60.0	6000.0	9520.8	25332.4	10
65	36.2	42013.2	64.0	6400.0	9445.5	26103.7	10
70	36.9	48890.1	70.0	7000.0	10428.7	31391.4	10
100	20.4	57000.3	100.0	10000.0	8616.4	38283.9	10
130	14.1	69668.9	130.0	13000.0	8460.5	48078.4	10
