pop	gen	nfe	initnfe	lsnfe	rmnfe	bmnfe	successes
70	63.0	80183.0	70.0	7000.0	19600.0	53513.0	1
105	46.0	121380.0	104.0	10400.0	22338.0	88538.0	1
110	85.0	220219.0	110.0	11000.0	45202.0	163907.0	1
111	87.0	219048.33333333334	110.0	11000.0	48041.666666666664	159896.66666666666	3
112	84.66666666666667	219368.5	112.0	11200.0	49915.5	158141.0	6
113	94.0	241890.0	112.0	11200.0	51904.0	178674.0	1
115	52.6	152496.8	114.0	11400.0	30421.0	110561.8	10
116	19.0	73253.0	116.0	11600.0	10001.0	51536.0	1
117	104.5	288775.0	116.0	11600.0	66479.875	210579.125	8
118	113.5	323275.0	118.0	11800.0	73601.5	237755.5	2
119	113.5	323275.0	118.0	11800.0	73601.5	237755.5	2
120	47.5	148316.5	120.0	12000.0	28407.5	107789.0	2
125	44.5	158766.0	124.0	12400.0	28746.5	117495.5	2
130	56.9	204315.8	130.0	13000.0	39252.6	151933.2	10
135	72.83333333333333	267847.0	134.0	13400.0	53706.0	200607.0	6
140	59.4	240911.4	140.0	14000.0	43412.6	183358.8	10
145	79.9	331188.1	144.0	14400.0	67393.1	249251.0	10
155	52.6	263229.8	154.0	15400.0	44236.3	203439.5	10
160	36.0	200306.0	160.0	16000.0	29725.0	154421.0	1
220	56.0	511544.6666666667	220.0	22000.0	70684.33333333333	418640.3333333333	3
250	37.3	452899.1	250.0	25000.0	53505.4	374143.7	10
