pop	gen	nfe	initnfe	lsnfe	rmnfe	bmnfe	successes
70	99.25	115885.625	70.0	7000.0	32585.875	76229.75	8
100	200.0	373999.0	100.0	10000.0	94751.0	269148.0	1
101	62.2	138901.2	100.0	10000.0	30253.1	98548.1	10
102	46.42857142857143	112606.42857142857	102.0	10200.0	22132.428571428572	80172.0	7
103	45.2	109896.6	102.0	10200.0	21153.3	78441.3	10
104	51.9	124668.5	104.0	10400.0	25595.8	88568.7	10
105	51.8	128264.8	104.0	10400.0	26625.9	91134.9	10
106	45.9	117806.6	106.0	10600.0	23354.6	83746.0	10
107	52.8	132459.2	106.0	10600.0	26520.8	95232.4	10
108	55.0	142321.2	108.0	10800.0	28745.6	102667.6	10
109	56.0	146130.3	108.0	10800.0	29239.0	105983.3	10
110	72.7	186483.9	110.0	11000.0	39595.0	135778.9	10
115	44.0	130690.5	114.0	11400.0	24766.2	94410.3	10
120	44.0	141389.2	120.0	12000.0	25699.7	103569.5	10
125	52.0	169608.9	124.0	12400.0	31673.8	125411.1	10
130	43.2	160404.1	130.0	13000.0	27113.1	120161.0	10
135	47.9	181539.9	134.0	13400.0	31581.1	136424.8	10
140	41.4	179842.3	140.0	14000.0	28555.2	137147.1	10
145	31.1	144474.4	144.0	14400.0	22661.3	107269.1	10
150	34.7	173542.8	150.0	15000.0	26209.2	132183.6	10
155	39.5	202251.0	154.0	15400.0	31500.9	155196.1	10
160	35.2	194906.0	160.0	16000.0	28466.8	150279.2	10
190	20.4	170173.0	190.0	19000.0	20589.1	130393.9	10
220	26.7	270965.2	220.0	22000.0	32551.2	216194.0	10
