pop	gen	nfe	initnfe	lsnfe	rmnfe	bmnfe	successes
40	120.5	56823.5	40.0	4000.0	24121.5	28662.0	2
70	30.0	40761.0	70.0	7000.0	8965.0	24726.0	1
72	85.0	101449.0	72.0	7200.0	29946.0	64231.0	1
73	84.4	101422.9	72.0	7200.0	28587.9	65563.0	10
74	97.3	119653.5	74.0	7400.0	35606.0	76573.5	10
75	85.3	108773.0	74.0	7400.0	30907.5	70391.5	10
76	71.25	95083.0	76.0	7600.0	26071.75	61335.25	4
77	97.0	122773.0	76.0	7600.0	35303.4	79793.6	5
78	89.2	120131.4	78.0	7800.0	33926.5	78326.9	10
79	101.1	134601.3	78.0	7800.0	38661.1	88062.2	10
80	97.2	136385.0	80.0	8000.0	38483.4	89821.6	10
85	67.5	110083.3	84.0	8400.0	27945.6	73653.7	10
90	65.66666666666667	113791.33333333333	90.0	9000.0	28203.666666666668	76497.66666666667	3
95	76.4	145307.9	94.0	9400.0	36912.2	98901.7	10
100	62.8	137739.3	100.0	10000.0	31023.8	96615.5	10
105	56.7	135563.2	104.0	10400.0	28869.9	96189.3	10
110	63.9	161241.6	110.0	11000.0	37388.4	112743.2	10
115	73.3	197936.1	114.0	11400.0	45597.5	140824.6	10
120	40.1	128878.2	120.0	12000.0	25009.0	91749.2	10
125	46.1	154926.4	124.0	12400.0	29192.9	113209.5	10
130	44.4	160737.0	130.0	13000.0	30734.6	116872.4	10
