pop	gen	nfe	initnfe	lsnfe	rmnfe	bmnfe	successes
70	124.0	147936.0	70.0	7000.0	42330.0	98536.0	1
100	38.0	91361.0	100.0	10000.0	17788.0	63473.0	1
130	127.0	421993.0	130.0	13000.0	85369.0	323494.0	1
190	54.0	381435.6666666667	190.0	19000.0	55964.333333333336	306281.3333333333	3
220	35.0	356943.0	220.0	22000.0	41405.0	293318.0	1
250	87.77777777777777	976860.6666666666	250.0	25000.0	125858.22222222222	825752.4444444445	9
255	48.125	589253.75	254.0	25400.0	68731.25	494868.5	8
260	88.44444444444444	1064036.4444444445	260.0	26000.0	132884.22222222222	904892.2222222222	9
265	60.5	784463.8333333334	264.0	26400.0	88905.16666666667	668894.6666666666	6
270	53.2	723053.2	270.0	27000.0	82895.2	612888.0	5
276	20.5	341501.5	276.0	27600.0	31808.5	281817.0	2
277	48.4	683952.3	276.0	27600.0	74823.1	581253.2	10
278	108.0	1437349.5	278.0	27800.0	172062.0	1237209.5	2
279	90.0	1236435.6666666667	278.0	27800.0	150373.0	1057984.6666666667	3
280	62.4	888199.1	280.0	28000.0	102374.5	757544.6	10
281	29.0	464014.0	280.0	28000.0	47413.0	388321.0	1
282	55.5	805730.25	282.0	28200.0	90812.25	686436.0	4
283	58.166666666666664	836997.0	282.0	28200.0	94873.5	713641.5	6
284	77.1	1106077.4	284.0	28400.0	128520.2	948873.2	10
285	75.5	1070245.75	284.0	28400.0	123335.25	918226.5	4
290	42.4	682346.4	290.0	29000.0	69111.2	583945.2	5
295	37.0	603519.0	294.0	29400.0	61941.0	511884.0	1
300	14.0	285038.6666666667	300.0	30000.0	24127.0	230611.66666666666	3
