pop	gen	nfe	initnfe	lsnfe	rmnfe	bmnfe	successes
20	107.0	17005.0	20.0	2000.0	8014.0	6971.0	1
25	134.5	28740.0	24.0	2400.0	14032.0	12284.0	2
30	111.33333333333333	35605.333333333336	30.0	3000.0	15604.0	16971.333333333332	3
35	81.57142857142857	31576.0	34.0	3400.0	10905.42857142857	17236.571428571428	7
40	77.8	39209.6	40.0	4000.0	12577.2	22592.4	10
41	71.2	36601.0	40.0	4000.0	11395.7	21165.3	10
42	68.5	37523.6	42.0	4200.0	11834.3	21447.3	10
43	64.8	36510.7	42.0	4200.0	11061.3	21207.4	10
44	65.8	39077.9	44.0	4400.0	11887.6	22746.3	10
45	57.7	35300.2	44.0	4400.0	10290.7	20565.5	10
46	57.5	37922.3	46.0	4600.0	10610.4	22665.9	10
47	59.2	38899.9	46.0	4600.0	10903.0	23350.9	10
48	58.7	41536.4	48.0	4800.0	11648.0	25040.4	10
49	57.5	41358.7	48.0	4800.0	11732.6	24778.1	10
50	77.7	55393.9	50.0	5000.0	15933.2	34410.7	10
55	53.1	45480.0	54.0	5400.0	11704.8	28321.2	10
60	43.3	46011.1	60.0	6000.0	10188.2	29762.9	10
65	39.6	47784.4	64.0	6400.0	10216.6	31103.8	10
70	35.4	50442.2	70.0	7000.0	10229.6	33142.6	10
100	25.7	70556.1	100.0	10000.0	11022.9	49433.2	10
130	16.0	73888.9	130.0	13000.0	9455.2	51303.7	10
