pop	gen	nfe	initnfe	lsnfe	rmnfe	bmnfe	successes
15	48.0	6327.0	14.0	1400.0	2971.0	1942.0	1
20	86.6	15994.7	20.0	2000.0	7398.4	6576.3	10
21	78.66666666666667	14795.666666666666	20.0	2000.0	7078.0	5697.666666666667	3
22	92.2	18831.5	22.0	2200.0	8786.9	7822.6	10
24	45.0	11885.0	24.0	2400.0	4220.0	5241.0	1
25	56.333333333333336	15673.0	24.0	2400.0	6717.333333333333	6531.666666666667	3
30	73.7	24080.3	30.0	3000.0	8854.5	12195.8	10
35	61.6	24594.2	34.0	3400.0	8478.3	12681.9	10
40	54.7	29229.4	40.0	4000.0	8537.9	16651.5	10
45	41.1	26346.3	44.0	4400.0	7004.1	14898.2	10
50	36.6	29676.1	50.0	5000.0	6964.1	17662.0	10
55	43.0	38635.9	54.0	5400.0	9398.4	23783.5	10
60	32.9	36302.6	60.0	6000.0	7712.1	22530.5	10
65	25.4	33386.3	64.0	6400.0	6341.6	20580.7	10
70	25.1	37402.9	70.0	7000.0	7179.1	23153.8	10
100	16.3	48806.8	100.0	10000.0	6666.3	32040.5	10
130	11.5	59686.8	130.0	13000.0	6505.6	40051.2	10
