pop	gen	nfe	initnfe	lsnfe	rmnfe	bmnfe	successes
40	148.0	140705.5	40.0	4000.0	127204.0	9461.5	2
100	49.0	186437.0	100.0	10000.0	148861.0	27476.0	1
130	28.333333333333332	106163.33333333333	130.0	13000.0	61134.666666666664	31898.666666666668	3
135	47.333333333333336	206015.33333333334	134.0	13400.0	152092.33333333334	40389.0	3
140	30.3	165244.5	140.0	14000.0	112870.0	38234.5	10
145	26.3	158207.7	144.0	14400.0	107376.5	36287.2	10
150	30.7	193947.2	150.0	15000.0	136455.4	42341.8	10
155	40.5	290519.8333333333	154.0	15400.0	230368.5	44597.333333333336	6
160	26.4	195957.4	160.0	16000.0	138005.0	41792.4	10
165	20.6	132059.2	164.0	16400.0	73560.8	41934.4	5
170	14.714285714285714	107210.0	170.0	17000.0	53353.857142857145	36686.142857142855	7
175	56.6	547086.4	174.0	17400.0	475150.6	54361.8	5
180	26.8	198381.5	180.0	18000.0	127885.1	52316.4	10
181	16.8	136789.9	180.0	18000.0	74672.2	43937.7	10
182	13.0	93869.33333333333	182.0	18200.0	37767.333333333336	37720.0	3
184	28.1	243116.5	184.0	18400.0	171103.0	53429.5	10
185	17.2	138103.7	184.0	18400.0	73649.9	45869.8	10
186	15.0	112288.0	186.0	18600.0	48939.0	44563.0	1
187	11.333333333333334	94783.33333333333	186.0	18600.0	37500.0	38497.333333333336	3
188	11.0	81043.0	188.0	18800.0	26051.0	36004.0	2
189	62.333333333333336	721581.0	188.0	18800.0	639604.0	62989.0	6
190	26.4	204638.8	190.0	19000.0	129528.8	55920.0	10
