pop	gen	nfe	initnfe	lsnfe	rmnfe	bmnfe	successes
40	9.0	8161.0	40.0	4000.0	247.0	3874.0	6
41	11.0	8183.0	40.0	4000.0	317.0	3826.0	1
42	7.0	8401.0	42.0	4200.0	257.0	3902.0	1
43	7.0	8401.0	42.0	4200.0	257.0	3902.0	1
44	8.0	8978.0	44.0	4400.0	300.0	4234.0	1
45	7.8	8733.4	44.0	4400.0	274.5	4014.9	10
46	11.0	10642.0	46.0	4600.0	381.0	5615.0	1
47	11.0	10642.0	46.0	4600.0	381.0	5615.0	1
48	8.0	9757.0	48.0	4800.0	299.0	4610.0	1
49	8.0	9757.0	48.0	4800.0	299.0	4610.0	1
50	8.1	10086.4	50.0	5000.0	286.8	4749.6	10
55	8.5	11201.1	54.0	5400.0	307.5	5439.6	10
60	6.142857142857143	12019.857142857143	60.0	6000.0	287.7142857142857	5672.142857142857	7
65	7.5	13138.7	64.0	6400.0	292.2	6382.5	10
70	4.0	14611.0	70.0	7000.0	320.0	7221.0	10
75	5.5	15310.0	74.0	7400.0	315.0	7521.0	10
80	7.5	16620.2	80.0	8000.0	335.5	8204.7	10
85	5.1	17222.4	84.0	8400.0	299.1	8439.3	10
90	4.1	18076.4	90.0	9000.0	283.5	8702.9	10
95	5.142857142857143	18966.714285714286	94.0	9400.0	315.7142857142857	9157.0	7
100	4.2	19733.4	100.0	10000.0	290.1	9343.3	10
130	3.9	30017.7	130.0	13000.0	371.2	16516.5	10
