pop	gen	nfe	initnfe	lsnfe	rmnfe	bmnfe	successes
190	3.0	80338.0	190.0	38000.0	490.0	41658.0	1
220	2.0	91037.0	220.0	44000.0	485.0	46332.0	1
250	2.0	105250.0	250.0	50000.0	519.0	54481.0	1
280	3.0	120335.0	280.0	56000.0	510.0	63545.0	2
310	1.75	129371.5	310.0	62000.0	484.25	66577.25	4
340	1.6666666666666667	142152.16666666666	340.0	68000.0	489.1666666666667	73323.0	6
370	1.3333333333333333	151854.66666666666	370.0	74000.0	457.0	77027.66666666667	3
375	1.3333333333333333	153954.33333333334	374.0	74800.0	468.0	78312.33333333333	3
380	1.0	157537.0	380.0	76000.0	469.0	80688.0	3
385	1.3333333333333333	160171.66666666666	384.0	76800.0	468.3333333333333	82519.33333333333	3
386	1.4	160921.8	386.0	77200.0	492.8	82843.0	10
387	1.4	161172.8	386.0	77200.0	497.8	83089.0	10
388	1.6	160390.6	388.0	77600.0	479.8	81922.8	10
389	1.8	161417.3	388.0	77600.0	484.0	82945.3	10
390	1.9	163731.1	390.0	78000.0	516.0	84825.1	10
391	1.2	161573.0	390.0	78000.0	487.8	82695.2	10
392	1.3	165792.6	392.0	78400.0	498.5	86502.1	10
393	1.3	165519.5	392.0	78400.0	499.5	86228.0	10
394	1.3	165544.9	394.0	78800.0	494.6	85856.3	10
395	1.0	165692.5	394.0	78800.0	500.0	85998.5	2
400	1.5	170762.1	400.0	80000.0	548.8	89813.3	10
405	1.3333333333333333	169230.0	404.0	80800.0	476.0	87550.0	3
410	1.2	170917.8	410.0	82000.0	472.2	88035.6	10
415	1.3	172762.6	414.0	82800.0	473.7	89074.9	10
420	1.2	174872.2	420.0	84000.0	496.8	89955.4	10
425	1.3	178611.2	424.0	84800.0	502.6	92884.6	10
