pop	gen	nfe	initnfe	lsnfe	rmnfe	bmnfe	successes
160	3.0	65942.0	160.0	32000.0	435.0	33347.0	1
220	2.25	93365.0	220.0	44000.0	463.25	48681.75	4
280	2.0	116176.0	280.0	56000.0	456.0	59440.0	2
310	1.5714285714285714	129842.28571428571	310.0	62000.0	471.7142857142857	67060.57142857143	7
340	2.0	146315.0	340.0	68000.0	491.0	77484.0	1
341	1.8	144559.9	340.0	68000.0	473.6	75746.3	10
342	1.0	145288.0	342.0	68400.0	489.5	76056.5	2
343	1.3333333333333333	144322.0	342.0	68400.0	499.3333333333333	75080.66666666667	3
344	1.6	144616.4	344.0	68800.0	474.1	74998.3	10
345	2.0	147266.5	344.0	68800.0	488.8	77633.7	10
346	1.7	147028.0	346.0	69200.0	492.7	76989.3	10
347	1.7	146635.1	346.0	69200.0	489.0	76600.1	10
348	1.5	143461.0	348.0	69600.0	449.0	73064.0	2
349	1.7	147033.1	348.0	69600.0	462.6	76622.5	10
350	1.6	149234.8	350.0	70000.0	476.1	78408.7	10
355	1.8	149242.2	354.0	70800.0	472.6	77615.6	5
360	1.4	151527.2	360.0	72000.0	469.0	78698.2	5
365	1.75	153636.0	364.0	72800.0	481.25	79990.75	4
370	1.7	155856.0	370.0	74000.0	477.5	81008.5	10
375	1.3	155293.8	374.0	74800.0	443.3	79676.5	10
380	1.4	160596.6	380.0	76000.0	466.8	83749.8	5
385	1.6	159470.0	384.0	76800.0	452.0	81834.0	5
390	1.0	162965.8	390.0	78000.0	448.2	84127.6	5
395	1.1666666666666667	166758.33333333334	394.0	78800.0	484.3333333333333	87080.0	6
