pop	gen	nfe	initnfe	lsnfe	rmnfe	bmnfe	successes
190	48.0	413642.0	190.0	76000.0	158660.0	178792.0	1
220	119.0	769374.0	220.0	88000.0	467627.0	213527.0	1
400	79.0	1205238.5	400.0	160000.0	664321.5	380517.0	2
430	93.0	1372989.8	430.0	172000.0	770586.2	429973.6	5
465	29.333333333333332	885433.6666666666	464.0	185600.0	267448.6666666667	431921.0	3
470	32.666666666666664	937005.3333333334	470.0	188000.0	307348.6666666667	441186.6666666667	3
475	55.111111111111114	1162010.2222222222	474.0	189600.0	515175.55555555556	456760.6666666667	9
480	75.0	1444236.0	480.0	192000.0	765323.0	486433.0	1
485	52.1	1147748.4	484.0	193600.0	488361.6	465302.8	10
486	26.0	904000.0	486.0	194400.0	247746.6	461367.4	5
488	29.0	959588.0	488.0	195200.0	301261.0	462639.0	1
489	35.833333333333336	1000933.6666666666	488.0	195200.0	345863.6666666667	459382.0	6
490	47.8	1130973.0	490.0	196000.0	471148.6	463334.4	10
491	66.66666666666667	1302033.8333333333	490.0	196000.0	614797.6666666666	490746.1666666667	6
492	29.5	947436.0	492.0	196800.0	268959.5	481184.5	2
493	77.5	1454603.5	492.0	196800.0	746077.0	511234.5	2
494	38.0	1032928.0	494.0	197600.0	367187.0	467647.0	1
495	18.0	791515.0	494.0	197600.0	164008.0	429413.0	1
515	52.0	1261680.3333333333	514.0	205600.0	538729.6666666666	516836.6666666667	3
