pop	gen	nfe	initnfe	lsnfe	rmnfe	bmnfe	successes
220	23.0	335245.0	220.0	88000.0	87783.0	159242.0	1
310	14.0	425486.0	310.0	124000.0	70229.0	230947.0	1
340	14.0	486751.0	340.0	136000.0	90205.0	260206.0	1
370	43.0	776114.0	370.0	148000.0	318442.5	309301.5	2
400	60.5	996016.5	400.0	160000.0	467688.0	367928.5	2
430	28.5	777994.5	430.0	172000.0	257442.0	348122.5	2
460	33.0	903880.0	460.0	184000.0	296431.0	422989.0	1
490	17.0	761361.3333333334	490.0	196000.0	171580.66666666666	393290.6666666667	3
520	11.0	768108.0	520.0	208000.0	114157.0	445431.0	1
550	16.333333333333332	839844.6666666666	550.0	220000.0	176237.33333333334	443057.3333333333	3
580	50.375	1275894.125	580.0	232000.0	538945.125	504369.0	8
610	38.2	1236554.4	610.0	244000.0	453711.0	538233.4	5
640	37.333333333333336	1333436.1666666667	640.0	256000.0	486217.0	590579.1666666666	6
670	47.5	1493934.25	670.0	268000.0	629085.25	596179.0	4
700	27.875	1300904.75	700.0	280000.0	393527.0	626677.75	8
730	57.875	1756667.5	730.0	292000.0	802019.875	661917.625	8
760	20.11111111111111	1287096.3333333333	760.0	304000.0	304374.55555555556	677961.7777777778	9
790	10.5	1110914.5	790.0	316000.0	160325.0	633799.5	2
795	30.333333333333332	1464450.5	794.0	317600.0	422931.6666666667	723124.8333333334	6
800	32.0	1581048.0	800.0	320000.0	506369.5	753878.5	2
805	53.5	1923866.5	804.0	321600.0	835874.5	765588.0	2
810	25.555555555555557	1429997.3333333333	810.0	324000.0	390122.55555555556	715064.7777777778	9
815	34.666666666666664	1623051.3333333333	814.0	325600.0	540019.0	756618.3333333334	6
820	28.0	1556754.5	820.0	328000.0	477139.6	750794.9	10
821	35.6	1699754.8	820.0	328000.0	597466.4	773468.4	10
822	33.4	1627184.8	822.0	328800.0	549482.7	748080.1	10
823	14.333333333333334	1303462.6666666667	822.0	328800.0	253181.66666666666	720659.0	3
824	54.142857142857146	1989038.142857143	824.0	329600.0	865464.8571428572	793149.2857142857	7
825	29.0	1520097.5	824.0	329600.0	449340.5	740333.0	10
826	43.2	1743939.4	826.0	330400.0	669855.8	742857.6	10
827	21.5	1393863.0	826.0	330400.0	360168.5	702468.5	2
828	29.8	1535478.2	828.0	331200.0	486212.8	717237.4	10
829	46.0	1975644.0	828.0	331200.0	791987.0	851629.0	1
830	19.25	1375225.125	830.0	332000.0	309231.625	733163.5	8
835	36.0	1765164.0	834.0	333600.0	600607.0	830123.0	1
840	71.5	2166944.5	840.0	336000.0	1075110.0	754994.5	2
845	63.7	2207006.3	844.0	337600.0	1051521.6	817040.7	10
