pop	gen	nfe	initnfe	lsnfe	rmnfe	bmnfe	successes
40	33.75	171857.5	40.0	16000.0	116150.25	39667.25	4
70	12.9	241136.3	70.0	28000.0	151839.0	61227.3	10
100	7.125	244936.75	100.0	40000.0	127495.0	77341.75	8
101	5.6	163930.3	100.0	40000.0	56787.0	67043.3	10
102	5.8	171952.9	102.0	40800.0	61139.4	69911.5	10
103	5.4	156310.0	102.0	40800.0	48628.0	66780.0	10
104	5.5	173244.8	104.0	41600.0	60183.2	71357.6	10
105	5.0	156140.9	104.0	41600.0	45064.4	69372.5	10
106	5.1	166325.8	106.0	42400.0	51074.1	72745.7	10
107	5.5	172164.8	106.0	42400.0	54365.6	75293.2	10
108	5.0	163121.66666666666	108.0	43200.0	46805.333333333336	73008.33333333333	3
109	5.0	163121.66666666666	108.0	43200.0	46805.333333333336	73008.33333333333	3
110	4.8	165270.4	110.0	44000.0	46379.2	74781.2	10
115	4.4	162214.8	114.0	45600.0	42781.1	73719.7	10
120	4.4	178310.4	120.0	48000.0	50506.7	79683.7	10
125	4.666666666666667	190142.66666666666	124.0	49600.0	52959.333333333336	87459.33333333333	3
130	3.7	167052.5	130.0	52000.0	37389.1	77533.4	10
135	3.9	181606.5	134.0	53600.0	43911.1	83961.4	10
140	3.4	180602.0	140.0	56000.0	37785.6	86676.4	10
145	3.6	205872.4	144.0	57600.0	52093.2	96035.2	10
150	3.5	211824.7	150.0	60000.0	52397.8	99276.9	10
155	3.4	201768.4	154.0	61600.0	44027.4	95987.0	10
160	3.0	199771.3	160.0	64000.0	37237.5	98373.8	10
190	2.4	221171.1	190.0	76000.0	32491.6	112489.5	10
220	2.3	265640.6	220.0	88000.0	40908.3	136512.3	10
