pop	gen	nfe	initnfe	lsnfe	rmnfe	bmnfe	successes
40	133.16666666666666	60464.833333333336	40.0	4000.0	24725.0	31699.833333333332	6
45	122.75	65026.5	44.0	4400.0	25281.0	35301.5	4
60	102.8	90619.4	60.0	6000.0	30107.6	54451.8	5
61	63.0	59023.0	60.0	6000.0	16772.7	36190.3	10
62	87.8	83580.5	62.0	6200.0	26122.3	51196.2	10
63	71.8	69433.5	62.0	6200.0	20873.4	42298.1	10
64	76.7	77640.2	64.0	6400.0	22712.0	48464.2	10
65	73.1	75326.1	64.0	6400.0	21577.8	47284.3	10
66	99.25	103197.25	66.0	6600.0	33246.125	63285.125	8
67	74.0	79364.6	66.0	6600.0	23309.5	49389.1	10
68	59.0	68553.0	68.0	6800.0	18116.0	43569.0	2
69	57.166666666666664	66712.83333333333	68.0	6800.0	17274.166666666668	42570.666666666664	6
70	71.1	84235.0	70.0	7000.0	23369.6	53795.4	10
75	79.8	100956.3	74.0	7400.0	28119.5	65362.8	10
80	66.3	96914.3	80.0	8000.0	24267.4	64566.9	10
85	73.4	116316.5	84.0	8400.0	29520.7	78311.8	10
90	59.1	109691.5	90.0	9000.0	26023.7	74577.8	10
95	50.6	103159.6	94.0	9400.0	22221.6	71444.0	10
100	48.4	110396.2	100.0	10000.0	23226.5	77069.7	10
130	31.1	120065.7	130.0	13000.0	20758.6	86177.1	10
