pop	gen	nfe	initnfe	lsnfe	rmnfe	bmnfe	successes
20	47.0	10440.0	20.0	2000.0	4556.0	3864.0	1
25	117.14285714285714	25886.428571428572	24.0	2400.0	12725.0	10737.42857142857	7
30	85.25	26985.0	30.0	3000.0	11193.5	12761.5	4
31	76.8	24587.4	30.0	3000.0	9969.9	11587.5	10
32	74.7	25474.7	32.0	3200.0	9705.0	12537.7	10
33	87.5	30044.0	32.0	3200.0	11988.5	14823.5	2
34	59.5	23893.2	34.0	3400.0	8061.0	12398.2	10
35	61.3	24526.7	34.0	3400.0	8492.0	12600.7	10
36	65.5	27951.7	36.0	3600.0	9481.7	14834.0	10
37	69.5	30095.5	36.0	3600.0	10237.5	16222.0	2
39	55.4	26551.4	38.0	3800.0	8490.4	14223.0	10
40	58.8	30136.0	40.0	4000.0	9549.9	16546.1	10
45	51.0	30513.3	44.0	4400.0	9168.7	16900.6	10
50	50.6	37492.3	50.0	5000.0	10229.4	22212.9	10
55	41.8	35653.3	54.0	5400.0	8970.2	21229.1	10
60	29.7	31888.7	60.0	5599.8	7115.9	19113.0	10
65	36.7	42608.2	64.0	6400.0	9508.9	26635.3	10
70	35.8	48341.2	70.0	7000.0	10204.8	31066.4	10
100	24.6	66564.7	100.0	10000.0	10671.6	45793.1	10
