pop	gen	nfe	initnfe	lsnfe	rmnfe	bmnfe	successes
55	102.0	76503.0	54.0	5400.0	22684.0	48365.0	1
60	91.5	81492.5	60.0	6000.0	23518.0	51914.5	2
65	98.33333333333333	98066.33333333333	64.0	6400.0	29216.11111111111	62386.22222222222	9
66	119.0	117123.0	66.0	6600.0	33519.0	76938.0	2
67	95.0	97336.0	66.0	6600.0	27027.0	63643.0	3
68	50.0	58526.0	68.0	6800.0	14119.0	37539.0	1
69	50.0	58526.0	68.0	6800.0	14119.0	37539.0	1
70	90.3	104042.3	70.0	7000.0	28133.1	68839.2	10
71	93.33333333333333	109290.83333333333	70.0	7000.0	27809.0	74411.83333333333	6
72	118.7	142893.3	72.0	7200.0	40995.8	94625.5	10
73	75.0	93184.0	72.0	7200.0	23373.25	62538.75	4
74	91.1	114030.9	74.0	7400.0	30173.8	76383.1	10
75	103.1	126775.6	74.0	7400.0	34430.7	84870.9	10
80	98.6	142662.6	80.0	8000.0	37980.6	96602.0	5
85	82.9	129996.0	84.0	8400.0	31255.2	90256.8	10
90	90.2	157252.0	90.0	9000.0	38147.0	110015.0	10
95	81.0	154566.8	94.0	9400.0	35889.5	109183.3	10
100	78.5	169708.5	100.0	10000.0	35951.875	123656.625	8
130	62.2	217878.3	130.0	13000.0	38650.9	166097.4	10
