pop	gen	nfe	initnfe	lsnfe	rmnfe	bmnfe	successes
16	61.1	9870.9	16.0	1600.0	5357.9	2897.0	10
17	49.5	8031.0	16.0	1600.0	3763.0	2652.0	2
18	65.5	11321.4	18.0	1800.0	5507.1	3996.3	10
19	59.166666666666664	10364.0	18.0	1800.0	5039.166666666667	3506.8333333333335	6
20	68.9	13138.2	20.0	2000.0	5997.9	5120.3	10
22	61.2	13541.3	22.0	2200.0	5931.1	5388.2	10
23	74.3	15900.4	22.0	2200.0	7291.0	6387.4	10
24	67.8	16658.9	24.0	2400.0	7136.6	7098.3	10
25	72.2	17942.1	24.0	2400.0	7960.8	7557.3	10
30	51.4	18013.9	30.0	3000.0	6313.1	8670.8	10
35	68.4	27121.7	34.0	3400.0	9850.6	13837.1	10
40	38.0	21739.7	40.0	4000.0	6060.3	11639.4	10
45	35.9	23757.2	44.0	4400.0	6156.2	13157.0	10
50	37.9	30011.1	50.0	5000.0	7319.7	17641.4	10
55	31.3	29338.7	54.0	5400.0	6678.6	17206.1	10
60	38.0	40143.7	60.0	6000.0	9168.7	24915.0	10
65	25.9	32711.3	64.0	6400.0	6412.1	19835.2	10
70	22.7	35053.6	70.0	7000.0	6379.5	21604.1	10
100	14.9	45852.1	100.0	10000.0	6299.7	29452.4	10
