pop	gen	nfe	initnfe	lsnfe	rmnfe	bmnfe	successes
100	80.0	170972.0	100.0	10000.0	39989.0	120883.0	1
130	81.2	265948.8	130.0	13000.0	54561.6	198257.2	5
135	50.42857142857143	186407.14285714287	134.0	13400.0	33065.142857142855	139808.0	7
145	71.2	283549.8	144.0	14400.0	54271.6	214734.2	10
150	29.0	148428.66666666666	150.0	15000.0	22076.333333333332	111202.33333333333	3
155	62.6	281638.9	154.0	15400.0	52369.8	213715.1	10
160	72.8	347671.2	160.0	16000.0	64462.3	267048.9	10
161	65.8	325045.7	160.0	16000.0	57445.8	251439.9	10
162	79.5	377883.0	162.0	16200.0	68604.5	292916.5	2
163	84.8	407622.1	162.0	16200.0	74733.5	316526.6	10
164	50.833333333333336	268709.1666666667	164.0	16400.0	42419.666666666664	209725.5	6
165	47.2	254448.5	164.0	16400.0	42021.9	195862.6	10
168	48.4	271564.4	168.0	16800.0	43421.2	211175.2	10
169	44.2	248675.0	168.0	16800.0	39350.5	192356.5	10
170	71.1	384318.3	170.0	17000.0	66527.3	300621.0	10
175	72.0	404501.0	174.0	17400.0	66959.0	319968.0	1
180	55.0	336121.2	180.0	18000.0	53018.1	264923.1	10
185	45.2	298029.6	184.0	18400.0	45595.0	233850.6	10
190	37.833333333333336	279404.1666666667	190.0	19000.0	38950.833333333336	221263.33333333334	6
220	46.7	416549.2	220.0	22000.0	57084.4	337244.8	10
