pop	gen	nfe	initnfe	lsnfe	rmnfe	bmnfe	successes
45	102.0	55168.833333333336	44.0	4400.0	19945.666666666668	30779.166666666668	6
50	44.0	31312.0	50.0	5000.0	8302.0	17960.0	1
55	100.0	73902.4	54.0	5400.0	24640.4	43808.0	10
56	73.4	61145.0	56.0	5600.0	17909.0	37580.0	5
57	75.28571428571429	62692.857142857145	56.0	5600.0	19095.0	37941.857142857145	7
58	79.0	68899.4	58.0	5800.0	20853.1	42188.3	10
59	77.4	66856.4	58.0	5800.0	20261.6	40736.8	10
60	71.1	64820.1	60.0	6000.0	18813.0	39947.1	10
61	75.1	67695.3	60.0	6000.0	20318.1	41317.2	10
62	91.6	84927.2	62.0	6200.0	26407.2	52258.0	10
63	84.6	79866.5	62.0	6200.0	23726.3	49878.2	10
64	59.2	61389.0	64.0	6400.0	16171.4	38753.6	10
65	84.5	83737.0	64.0	6400.0	23687.5	53585.5	2
70	66.6	80429.9	70.0	7000.0	21540.0	51819.9	10
75	73.7	92723.0	74.0	7400.0	25366.4	59882.6	10
80	87.6	124594.7	80.0	8000.0	33545.1	82969.6	10
85	49.4	81978.9	84.0	8400.0	18675.8	54819.1	10
90	70.5	126046.1	90.0	9000.0	29279.3	87676.8	10
95	42.3	88975.0	94.0	9400.0	18275.1	61205.9	10
100	48.0	108699.3	100.0	10000.0	22286.4	76312.9	10
130	36.9	134082.0	130.0	13000.0	23029.8	97922.2	10
160	24.4	140922.9	160.0	16000.0	19413.3	105349.6	10
