pop	gen	nfe	initnfe	lsnfe	rmnfe	bmnfe	successes
70	68.42857142857143	83176.0	70.0	7000.0	19863.0	56243.0	7
75	75.0	104478.0	74.0	7400.0	24223.5	72780.5	2
76	58.0	86049.0	76.0	7600.0	18915.4	59457.6	10
77	98.33333333333333	142275.0	76.0	7600.0	33731.0	100868.0	3
78	68.7	105013.1	78.0	7800.0	23783.8	73351.3	10
79	91.2	133191.4	78.0	7800.0	32625.2	92688.2	10
80	51.7	85734.1	80.0	8000.0	18150.4	59503.7	10
81	81.44444444444444	128180.0	80.0	8000.0	29804.777777777777	90295.22222222222	9
82	68.7	113298.8	82.0	8200.0	25191.3	79825.5	10
83	54.7	92071.9	82.0	8200.0	20355.3	63434.6	10
84	67.1	115528.8	84.0	8400.0	25657.6	81387.2	10
85	78.4	132024.0	84.0	8400.0	29182.4	94357.6	10
90	77.1	147428.3	90.0	9000.0	31147.1	107191.2	10
95	71.5	146622.1	94.0	9400.0	30571.4	106556.7	10
100	59.5	141701.4	100.0	10000.0	27143.4	104458.0	10
105	48.5	129410.7	104.0	10400.0	22903.7	96003.0	10
110	54.8	154550.3	110.0	11000.0	28109.5	115330.8	10
115	65.9	192543.0	114.0	11400.0	34604.2	146424.8	10
120	40.8	136852.9	120.0	12000.0	22583.0	102149.9	10
125	23.5	93779.0	124.0	12400.0	12725.0	68530.0	2
130	44.6	172587.3	130.0	13000.0	27223.5	132233.8	10
160	26.1	159878.6	160.0	16000.0	20012.1	123706.5	10
