pop	gen	nfe	initnfe	lsnfe	rmnfe	bmnfe	successes
40	99.0	49223.0	40.0	4000.0	15838.0	29345.0	1
45	79.66666666666667	45627.666666666664	44.0	4400.0	13901.333333333334	27282.333333333332	6
50	90.0	60301.8	50.0	5000.0	18073.8	37178.0	5
51	99.0	67582.0	50.0	5000.0	20153.0	42379.0	1
52	90.0	65728.0	52.0	5200.0	19003.0	41473.0	1
53	90.75	66104.25	52.0	5200.0	19112.375	41739.875	8
55	67.8	56422.2	54.0	5400.0	14567.0	36401.2	10
56	93.33333333333333	77315.0	56.0	5600.0	21379.333333333332	50279.666666666664	3
57	81.9	68592.2	56.0	5600.0	18231.8	44704.4	10
58	60.5	57245.5	58.0	5800.0	13554.5	37833.0	2
59	56.0	54112.333333333336	58.0	5800.0	13130.333333333334	35124.0	3
60	86.5	80999.8	60.0	6000.0	21745.9	53193.9	10
65	80.0	84093.5	64.0	6400.0	20380.0	57249.5	2
70	82.9	101343.5	70.0	7000.0	24584.8	69688.7	10
75	63.0	86662.0	74.0	7400.0	18870.2	60317.8	10
80	45.9	77445.5	80.0	8000.0	15069.3	54296.2	10
85	59.9	104016.2	84.0	8400.0	21527.5	74004.7	10
90	59.0	116478.2	90.0	9000.0	22749.5	84638.7	10
95	52.6	111071.0	94.0	9400.0	21006.3	80570.7	10
100	42.2	105440.3	100.0	10000.0	17709.4	77630.9	10
130	37.3	146331.9	130.0	13000.0	21443.1	111758.8	10
