pop	gen	nfe	initnfe	lsnfe	rmnfe	bmnfe	successes
41	148.0	64534.0	40.0	4000.0	23530.0	36964.0	1
42	129.0	63698.0	42.0	4200.0	24095.0	35361.0	1
43	90.8	45345.6	42.0	4200.0	15983.4	25120.2	5
44	105.2	56528.8	44.0	4400.0	19860.9	32223.9	10
45	103.3	55839.3	44.0	4400.0	19628.5	31766.8	10
46	95.7	55591.2	46.0	4600.0	18258.7	32686.5	10
47	83.9	49367.6	46.0	4600.0	15986.4	28735.2	10
48	89.57142857142857	54860.57142857143	48.0	4800.0	18229.0	31783.571428571428	7
49	87.4	53390.9	48.0	4800.0	17594.5	30948.4	10
50	45.0	34077.0	50.0	5000.0	9317.666666666666	19709.333333333332	3
55	79.5	61581.5	54.0	5400.0	18276.0	37851.5	4
60	87.8	76504.1	60.0	6000.0	22096.5	48347.6	10
65	72.4	74873.0	64.0	6400.0	19705.0	48704.0	10
70	61.7	75972.1	70.0	7000.0	18719.1	50183.0	10
75	53.3	72095.3	74.0	7400.0	17295.1	47326.2	10
80	54.5	85115.2	80.0	8000.0	18875.9	58159.3	10
85	56.5	93828.3	84.0	8400.0	21013.5	64330.8	10
90	50.2	95181.0	90.0	9000.0	19467.7	66623.3	10
95	36.0	79866.1	94.0	9400.0	14981.1	55391.0	10
100	38.9	91838.5	100.0	10000.0	17048.8	64689.7	10
130	22.3	93521.1	130.0	13000.0	13303.8	67087.3	10
160	21.8	134246.2	160.0	16000.0	16974.8	101111.4	10
