pop	gen	nfe	initnfe	lsnfe	rmnfe	bmnfe	successes
40	123.0	56328.0	40.0	4000.0	22354.0	29934.0	1
70	51.0	64902.0	70.0	7000.0	15903.5	41928.5	2
100	95.0	198640.0	100.0	10000.0	45808.0	142732.0	1
130	42.666666666666664	155621.0	130.0	13000.0	27073.833333333332	115417.16666666667	6
135	58.875	214767.5	134.0	13400.0	39653.5	161580.0	8
140	53.4	217104.1	140.0	14000.0	38794.9	164169.2	10
145	42.142857142857146	187771.85714285713	144.0	14400.0	30343.714285714286	142884.14285714287	7
146	42.5	193898.5	146.0	14600.0	31965.5	147187.0	2
147	54.4	235979.3	146.0	14600.0	41338.8	179894.5	10
148	48.3	216533.4	148.0	14800.0	37372.3	164213.1	10
149	50.8	226533.9	148.0	14800.0	38873.8	172712.1	10
150	31.8	160532.5	150.0	15000.0	24520.1	120862.4	10
151	41.9	196122.2	150.0	15000.0	32141.6	148830.6	10
152	37.9	186320.0	152.0	15200.0	30430.3	140537.7	10
153	41.7	201079.9	152.0	15200.0	33042.8	152685.1	10
154	47.5	231923.2	154.0	15400.0	38605.8	177763.4	10
155	31.7	167483.8	154.0	15400.0	24569.4	127360.4	10
160	34.5	187507.9	160.0	16000.0	29029.4	142318.5	10
165	47.9	258669.5	164.0	16400.0	41143.6	200961.9	10
170	50.6	291126.9	170.0	17000.0	46862.0	227094.9	10
175	38.5	234468.3	174.0	17400.0	36686.9	180207.4	10
180	31.0	217079.0	180.0	18000.0	30260.0	168639.0	10
185	24.8	184264.0	184.0	18400.0	24268.7	141411.3	10
