pop	gen	nfe	initnfe	lsnfe	rmnfe	bmnfe	successes
40	149.0	66000.0	40.0	4000.0	26324.0	35636.0	1
85	83.3	137279.9	84.0	8400.0	33211.4	95584.5	10
90	76.4	141552.8	90.0	9000.0	31990.9	100471.9	10
91	60.5	115305.5	90.0	9000.0	25195.0	81020.5	4
92	84.16666666666667	165005.66666666666	92.0	9200.0	37389.666666666664	118324.0	6
93	61.5	126447.5	92.0	9200.0	26133.0	91022.5	2
94	108.33333333333333	210839.66666666666	94.0	9400.0	49735.333333333336	151610.33333333334	3
95	54.9	114016.4	94.0	9400.0	23355.5	81166.9	10
96	42.0	99360.0	96.0	9600.0	19836.0	69828.0	1
97	74.2	156112.1	96.0	9600.0	34255.4	112160.7	10
98	95.8	206724.1	98.0	9800.0	46931.3	149894.8	10
99	89.0	192642.5	98.0	9800.0	43026.5	139718.0	6
100	66.0	148802.8	100.0	10000.0	31215.0	107487.8	10
105	73.9	181527.4	104.0	10400.0	37526.1	133497.3	10
110	29.0	92129.0	110.0	11000.0	14048.0	66971.0	1
115	39.7	121060.6	114.0	11400.0	21834.1	87712.5	10
120	64.25	202048.25	120.0	12000.0	38502.125	151426.125	8
125	80.4	262414.3	124.0	12400.0	50657.6	199232.7	10
130	49.8	184399.0	130.0	13000.0	31522.4	139746.6	10
160	29.0	169364.9	160.0	16000.0	23191.7	130013.2	10
