pop	gen	nfe	initnfe	lsnfe	rmnfe	bmnfe	successes
40	143.0	64488.0	40.0	4000.0	27601.0	32847.0	1
70	62.0	74114.0	70.0	7000.0	19555.0	47489.0	1
100	96.0	195081.8	100.0	10000.0	49951.6	135030.2	5
105	100.66666666666667	211567.0	104.0	10400.0	53348.666666666664	147714.33333333334	3
110	58.0	144092.6	110.0	11000.0	30802.0	102180.6	5
115	107.6	265786.0	114.0	11400.0	65399.9	188872.1	10
116	104.8	268618.8	116.0	11600.0	65831.2	191071.6	10
117	92.25	242724.75	116.0	11600.0	56346.0	174662.75	4
118	70.2	192742.6	118.0	11800.0	41938.6	138886.0	10
119	80.5	218432.8	118.0	11800.0	50591.7	155923.1	10
120	49.9	150233.8	120.0	12000.0	30151.2	107962.6	10
121	69.6	194618.6	120.0	12000.0	42739.4	139759.2	5
122	82.57142857142857	235189.42857142858	122.0	12200.0	53637.28571428572	169230.14285714287	7
123	78.8	225194.5	122.0	12200.0	51425.0	161447.5	10
124	60.3	182654.2	124.0	12400.0	38130.3	131999.9	10
125	112.0	310103.0	124.0	12400.0	72741.0	224838.0	1
130	81.9	259231.3	130.0	13000.0	57389.8	188711.5	10
135	60.2	208721.9	134.0	13400.0	42358.8	152829.1	10
140	53.9	210540.0	140.0	14000.0	40838.2	155561.8	10
145	76.3	290092.1	144.0	14400.0	57838.9	217709.2	10
150	73.7	304513.7	150.0	15000.0	60653.6	228710.1	10
155	51.2	232216.9	154.0	15400.0	42285.5	174377.4	10
