pop	gen	nfe	initnfe	lsnfe	rmnfe	bmnfe	successes
40	117.83333333333333	54624.5	40.0	4000.0	21206.5	29378.0	6
45	72.0	41913.0	44.0	4400.0	13918.0	23551.0	1
50	94.0	64267.142857142855	50.0	5000.0	21065.285714285714	38151.857142857145	7
55	96.5	70446.5	54.0	5400.0	22025.5	42967.0	2
60	71.55555555555556	68319.77777777778	60.0	6000.0	19634.333333333332	42625.444444444445	9
65	101.625	103224.375	64.0	6400.0	32361.25	64399.125	8
66	92.1	98113.4	66.0	6600.0	28722.3	62725.1	10
67	86.16666666666667	92356.33333333333	66.0	6600.0	27136.666666666668	58553.666666666664	6
68	74.4	84770.6	68.0	6800.0	22651.4	55251.2	10
69	93.5	101383.75	68.0	6800.0	29468.5	65047.25	4
70	71.5	85357.7	70.0	7000.0	23068.1	55219.6	10
71	70.0	85578.44444444444	70.0	7000.0	22445.333333333332	56063.11111111111	9
72	70.0	88701.0	72.0	7200.0	24080.5	57348.5	6
73	60.5	77923.0	72.0	7200.0	19901.1	50749.9	10
74	81.3	104025.2	74.0	7400.0	27828.4	68722.8	10
75	143.0	172263.0	74.0	7400.0	49164.0	115625.0	1
80	67.8	102598.0	80.0	8000.0	25640.2	68877.8	10
85	69.4	112853.8	84.0	8400.0	26529.6	77840.2	10
90	49.3	95612.6	90.0	9000.0	20323.8	66198.8	10
95	49.4	105047.4	94.0	9400.0	22196.3	73357.1	10
100	62.8	141015.7	100.0	10000.0	30382.5	100533.2	10
130	34.9	136664.5	130.0	13000.0	23132.3	100402.2	10
