pop	gen	nfe	initnfe	lsnfe	rmnfe	bmnfe	successes
100	123.0	273296.0	100.0	10000.0	224113.0	39083.0	1
190	123.0	577528.0	190.0	19000.0	458760.0	99578.0	1
220	51.75	328724.25	220.0	22000.0	226885.5	79618.75	4
250	34.0	261302.33333333334	250.0	25000.0	148591.33333333334	87461.0	3
280	45.25	375462.25	280.0	28000.0	225137.25	122045.0	4
340	31.0	389431.0	340.0	34000.0	216561.5	138529.5	2
370	55.0	666474.0	370.0	37000.0	430590.0	198514.0	1
400	58.75	883191.75	400.0	40000.0	627700.75	215091.0	4
430	23.0	349525.0	430.0	43000.0	123126.0	182969.0	1
460	30.125	554289.75	460.0	46000.0	318350.0	189479.75	8
490	24.0	460039.0	490.0	49000.0	191904.33333333334	218644.66666666666	3
520	10.0	251710.0	520.0	52000.0	45590.0	153600.0	1
550	13.0	423020.0	550.0	55000.0	141312.0	226158.0	1
585	9.0	365929.0	584.0	58400.0	100356.0	206589.0	1
590	13.777777777777779	429389.44444444444	590.0	59000.0	156059.0	213740.44444444444	9
595	10.666666666666666	382263.6666666667	594.0	59400.0	104731.66666666667	217538.0	3
600	21.5	576354.5	600.0	60000.0	265583.0	250171.5	2
605	40.0	1077798.5	604.0	60400.0	681766.5	335028.0	2
608	18.0	512274.7	608.0	60800.0	210280.7	240586.0	10
609	25.5	833098.0	608.0	60800.0	566646.8	205043.2	10
610	11.8	377151.8	610.0	61000.0	110628.4	204913.4	10
611	5.0	243732.0	610.0	61000.0	37902.0	144220.0	1
614	47.5	1359721.0	614.0	61400.0	965843.5	331863.5	2
620	8.0	330664.0	620.0	62000.0	64433.0	203611.0	1
625	13.0	397194.0	624.0	62400.0	130973.0	203197.0	3
630	24.7	744328.5	630.0	63000.0	397853.5	282845.0	10
635	32.125	1027930.875	634.0	63400.0	720955.875	242941.0	8
