pop	gen	nfe	initnfe	lsnfe	rmnfe	bmnfe	successes
40	26.333333333333332	13501.0	40.0	4000.0	4509.333333333333	4951.666666666667	3
45	32.2	17559.3	44.0	4400.0	6508.9	6606.4	10
50	25.285714285714285	18147.428571428572	50.0	5000.0	5981.142857142857	7116.285714285715	7
55	18.2	16353.0	54.0	5400.0	4458.5	6440.5	10
56	13.5	14464.9	56.0	5600.0	3135.8	5673.1	10
57	13.7	14618.5	56.0	5600.0	3224.2	5738.3	10
58	16.2	17423.0	58.0	5800.0	4445.3	7119.7	10
59	14.4	16170.1	58.0	5800.0	3728.8	6583.3	10
60	12.4	14968.5	60.0	6000.0	3233.3	5675.2	10
61	11.6	14750.7	60.0	6000.0	2892.9	5797.8	10
62	15.4	18143.5	62.0	6200.0	4541.6	7339.9	10
63	14.7	17578.9	62.0	6200.0	4345.8	6971.1	10
64	12.3	16315.1	64.0	6400.0	3495.1	6356.0	10
65	13.1	17619.7	64.0	6400.0	4071.6	7084.1	10
70	9.0	15552.0	70.0	7000.0	2402.4	6079.6	10
75	9.4	17553.0	74.0	7400.0	3019.5	7059.5	10
80	8.6	18735.4	80.0	8000.0	2941.1	7714.3	10
85	8.2	19419.5	84.0	8400.0	2999.2	7936.3	10
90	7.5	21174.4	90.0	9000.0	3268.3	8816.1	10
95	7.3	22403.9	94.0	9400.0	3289.3	9620.6	10
100	5.8	21336.6	100.0	10000.0	2877.3	8359.3	10
130	3.2	24354.0	130.0	13000.0	1873.5	9350.5	10
