pop	gen	nfe	initnfe	lsnfe	rmnfe	bmnfe	successes
70	47.4	251398.6	70.0	28000.0	135242.2	88086.4	5
100	23.5	241240.0	100.0	40000.0	97704.25	103435.75	4
130	26.285714285714285	410358.5714285714	130.0	52000.0	177469.14285714287	180759.42857142858	7
135	39.375	640192.0	134.0	53600.0	336781.625	249676.375	8
140	18.7	359760.7	140.0	56000.0	138199.9	165420.8	10
145	23.9	455013.6	144.0	57600.0	197057.9	200211.7	10
146	28.0	521626.4	146.0	58400.0	228198.3	234882.1	10
147	20.0	389428.6	146.0	58400.0	150021.6	180861.0	10
148	26.5	531308.2	148.0	59200.0	249169.9	222790.3	10
149	9.9	241994.2	148.0	59200.0	63653.8	118992.4	10
150	14.6	323600.1	150.0	60000.0	107113.8	156336.3	10
151	19.4	405311.9	150.0	60000.0	159488.7	185673.2	10
152	18.2	392272.5	152.0	60800.0	144952.3	186368.2	10
153	23.7	477128.2	152.0	60800.0	196508.9	219667.3	10
154	14.7	333218.2	154.0	61600.0	110344.4	161119.8	10
155	13.333333333333334	307775.0	154.0	61600.0	97013.66666666667	149007.33333333334	3
160	13.4	332450.1	160.0	64000.0	106538.6	161751.5	10
165	15.25	379905.0	164.0	65600.0	130130.5	184010.5	4
170	15.2	398391.2	170.0	68000.0	132109.4	198111.8	10
175	12.3	362579.2	174.0	69600.0	108287.0	184518.2	10
180	12.4	389246.7	180.0	72000.0	124487.6	192579.1	10
185	13.1	416253.4	184.0	73600.0	133644.6	208824.8	10
