pop	gen	nfe	initnfe	lsnfe	rmnfe	bmnfe	successes
40	164.5	61928.0	40.0	4000.0	22718.0	35170.0	2
45	179.0	69242.0	44.0	4400.0	25721.0	39077.0	1
50	113.83333333333333	60591.0	50.0	5000.0	19186.5	36354.5	6
55	137.57142857142858	84249.57142857143	54.0	5400.0	26185.571428571428	52610.0	7
60	139.57142857142858	97948.14285714286	60.0	6000.0	29781.285714285714	62106.857142857145	7
65	157.5	119834.0	64.0	6400.0	35245.5	78124.5	2
70	91.0	86202.8	70.0	7000.0	22073.6	57059.2	10
80	87.2	102942.7	80.0	8000.0	24711.3	70151.4	10
85	95.33333333333333	123602.66666666667	84.0	8400.0	28590.0	86528.66666666667	3
90	94.9	136568.0	90.0	9000.0	30445.6	97032.4	10
91	57.44444444444444	88615.33333333333	90.0	9000.0	17825.0	61700.333333333336	9
92	61.2	96252.1	92.0	9200.0	19598.0	67362.1	10
93	77.3	117013.9	92.0	9200.0	25003.6	82718.3	10
95	47.0	81173.8	94.0	9400.0	14968.6	56711.2	10
96	61.9	104402.7	96.0	9600.0	20581.3	74125.4	10
97	73.4	119112.8	96.0	9600.0	24827.8	84589.0	10
98	74.0	124679.2	98.0	9800.0	25311.8	89469.4	10
99	60.7	107211.1	98.0	9800.0	20831.1	76482.0	10
100	65.8	117204.1	100.0	10000.0	22595.0	84509.1	10
130	46.4	136482.7	130.0	13000.0	21872.5	101480.2	10
