pop	gen	nfe	initnfe	lsnfe	rmnfe	bmnfe	successes
40	115.6	45906.4	40.0	4000.0	15746.6	26119.8	5
45	86.0	41701.0	44.0	4400.0	12523.0	24734.0	1
46	105.66666666666667	52790.666666666664	46.0	4600.0	17100.333333333332	31044.333333333332	3
47	105.66666666666667	52790.666666666664	46.0	4600.0	17100.333333333332	31044.333333333332	3
48	90.6	48685.7	48.0	4800.0	14656.5	29181.2	10
49	97.0	52032.1	48.0	4800.0	15900.8	31283.3	10
50	102.4	57107.8	50.0	5000.0	17484.5	34573.3	10
51	92.3	53807.8	50.0	5000.0	15847.6	32910.2	10
52	112.5	66732.4	52.0	5200.0	19917.7	41562.7	10
53	111.1	65556.0	52.0	5200.0	19745.4	40558.6	10
54	95.66666666666667	62082.5	54.0	5400.0	17577.333333333332	39051.166666666664	6
55	94.3	60130.6	54.0	5400.0	17304.7	37371.9	10
60	91.5	68504.9	60.0	6000.0	18349.4	44095.5	10
65	98.1	82414.1	64.0	6400.0	21954.2	53995.9	10
70	62.0	64772.4	70.0	7000.0	14720.0	42982.4	10
75	65.7	73861.7	74.0	7400.0	16417.1	49970.6	10
80	66.4	84976.2	80.0	8000.0	17969.7	58926.5	10
85	53.4	75507.1	84.0	8400.0	14839.4	52183.7	10
90	52.2	84045.6	90.0	9000.0	16221.9	58733.7	10
95	47.2	85819.2	94.0	9400.0	15092.4	61232.8	10
100	45.9	88870.9	100.0	10000.0	15897.4	62873.5	10
130	32.7	107963.6	130.0	13000.0	15134.0	79699.6	10
