pop	gen	nfe	initnfe	lsnfe	rmnfe	bmnfe	successes
40	99.33333333333333	232771.88888888888	40.0	16000.0	163145.0	53586.88888888889	9
70	45.1	222104.1	70.0	28000.0	120878.5	73155.6	10
75	44.8	256245.3	74.0	29600.0	146646.0	79925.3	10
80	39.2	251838.0	80.0	32000.0	135661.6	84096.4	10
81	40.7	255672.2	80.0	32000.0	140625.9	82966.3	10
82	34.6	221564.4	82.0	32800.0	108118.3	80564.1	10
83	31.6	204697.7	82.0	32800.0	96305.0	75510.7	10
84	32.5	225527.4	84.0	33600.0	111565.7	80277.7	10
85	31.4	206981.7	84.0	33600.0	94189.9	79107.8	10
86	36.6	262352.8	86.0	34400.0	138850.4	89016.4	10
87	35.2	248332.6	86.0	34400.0	126776.2	87070.4	10
88	42.5	317986.7	88.0	35200.0	187924.7	94774.0	10
89	30.0	217651.7	88.0	35200.0	99512.3	82851.4	10
90	31.0	247934.3	90.0	36000.0	123919.4	87924.9	10
95	28.1	228081.6	94.0	37600.0	102030.6	88357.0	10
100	23.7	214843.0	100.0	40000.0	85127.4	89615.6	10
105	21.8	210442.2	104.0	41600.0	79676.6	89061.6	10
110	20.1	218125.2	110.0	44000.0	81539.6	92475.6	10
115	18.9	227429.5	114.0	45600.0	85898.1	95817.4	10
120	16.5	213686.2	120.0	48000.0	70013.6	95552.6	10
125	16.2	222930.7	124.0	49600.0	72485.1	100721.6	10
130	16.5	246959.5	130.0	52000.0	83324.2	111505.3	10
160	11.1	256263.7	160.0	64000.0	65342.7	126761.0	10
