pop	gen	nfe	initnfe	lsnfe	rmnfe	bmnfe	successes
70	90.0	87381.66666666667	70.0	7000.0	22633.666666666668	57678.0	3
100	55.6	100339.0	100.0	10000.0	19123.2	71115.8	5
105	79.2	147452.9	104.0	10400.0	29358.4	107590.5	10
110	95.7	192858.8	110.0	11000.0	38771.2	142977.6	10
115	92.5	196902.75	114.0	11400.0	39699.25	145689.5	8
120	58.7	147709.4	120.0	12000.0	25487.1	110102.3	10
125	67.5	173591.2	124.0	12400.0	30692.7	130374.5	10
130	70.3	196638.0	130.0	13000.0	33006.2	150501.8	10
135	52.9	161154.4	134.0	13400.0	25659.9	121960.5	10
140	67.9	213390.1	140.0	14000.0	34532.9	164717.2	10
142	56.3	189078.2	142.0	14200.0	29126.4	145609.8	10
143	65.4	212845.1	142.0	14200.0	33873.3	164629.8	10
144	71.8	235525.3	144.0	14400.0	39018.2	181963.1	10
145	40.1	144625.7	144.0	14400.0	20127.4	109954.3	10
146	49.3	177187.6	146.0	14600.0	25956.2	136485.4	10
147	61.9	211612.1	146.0	14600.0	33337.8	163528.3	10
148	43.1	160751.3	148.0	14800.0	23165.4	122637.9	10
149	50.6	187711.7	148.0	14800.0	28263.0	144500.7	10
150	68.9	243395.4	150.0	15000.0	38889.1	189356.3	10
155	67.1	253384.6	154.0	15400.0	39578.5	198252.1	10
160	47.5	202642.5	160.0	16000.0	28394.5	158088.0	10
