pop	gen	nfe	initnfe	lsnfe	rmnfe	bmnfe	successes
70	138.0	138771.66666666666	70.0	7000.0	35963.0	95738.66666666667	3
75	113.0	131881.33333333334	74.0	7400.0	31632.666666666668	92774.66666666667	3
80	143.5	187332.0	80.0	8000.0	46079.0	133173.0	2
85	119.0	167867.0	84.0	8400.0	36370.666666666664	123012.33333333333	3
90	52.0	87885.0	90.0	9000.0	15993.0	62802.0	1
95	115.7	196925.6	94.0	9400.0	42105.1	145326.5	10
100	86.6	162470.9	100.0	10000.0	31875.6	120495.3	10
105	85.33333333333333	176375.66666666666	104.0	10400.0	33762.833333333336	132108.83333333334	6
106	73.2	157734.6	106.0	10600.0	28501.9	118526.7	10
107	104.1	216316.8	106.0	10600.0	41717.0	163893.8	10
108	105.66666666666667	222704.0	108.0	10800.0	41291.666666666664	170504.33333333334	3
109	62.0	139199.33333333334	108.0	10800.0	23036.0	105255.33333333333	3
110	68.2	160426.5	110.0	11000.0	27483.7	121832.8	10
111	82.2	188433.4	110.0	11000.0	33811.5	143511.9	10
112	36.0	96061.0	112.0	11200.0	13516.0	71233.0	1
113	36.0	96061.0	112.0	11200.0	13516.0	71233.0	1
114	36.0	94865.0	114.0	11400.0	14291.0	69060.0	1
115	59.285714285714285	146537.14285714287	114.0	11400.0	24847.85714285714	110175.28571428571	7
120	85.3	226727.7	120.0	12000.0	39088.3	175519.4	10
125	62.0	179356.33333333334	124.0	12400.0	28476.166666666668	138356.16666666666	6
130	42.333333333333336	136169.33333333334	130.0	13000.0	19463.333333333332	103576.0	3
160	54.4	248072.4	160.0	16000.0	33279.6	198632.8	10
190	53.4	333932.6	190.0	19000.0	40539.0	274203.6	10
