pop	gen	nfe	initnfe	lsnfe	rmnfe	bmnfe	successes
15	82.0	9524.0	14.0	1400.0	5282.0	2828.0	1
20	99.42857142857143	17135.285714285714	20.0	2000.0	9070.0	6045.285714285715	7
21	66.66666666666667	12499.666666666666	20.0	2000.0	6425.666666666667	4054.0	3
22	100.9	19364.9	22.0	2200.0	9659.6	7483.3	10
23	98.6	19008.1	22.0	2200.0	9361.4	7424.7	10
25	116.1	24296.0	24.0	2400.0	11653.8	10218.2	10
26	74.4	18141.2	26.0	2600.0	7413.7	8101.5	10
27	77.0	18799.3	26.0	2600.0	7807.2	8366.1	10
28	113.0	29309.666666666668	28.0	2800.0	12801.833333333334	13679.833333333334	6
29	95.85714285714286	25240.714285714286	28.0	2800.0	10666.285714285714	11746.42857142857	7
30	93.5	26211.1	30.0	3000.0	10902.6	12278.5	10
35	108.9	35529.6	34.0	3400.0	13465.1	18630.5	10
40	59.8	27009.8	40.0	4000.0	8181.8	14788.0	10
45	77.0	37772.9	44.0	4400.0	11441.1	21887.8	10
50	69.8	42314.5	50.0	5000.0	11743.2	25521.3	10
55	50.2	35934.9	54.0	5400.0	8896.4	21584.5	10
60	43.3	37474.4	60.0	6000.0	8373.3	23041.1	10
65	40.0	39636.9	64.0	6400.0	8275.8	24897.1	10
70	33.5	39304.6	70.0	7000.0	7386.3	24848.3	10
100	28.1	60029.1	100.0	10000.0	8895.7	41033.4	10
