pop	gen	nfe	initnfe	lsnfe	rmnfe	bmnfe	successes
100	156.0	264576.0	100.0	10000.0	57781.0	196695.0	1
160	62.5	268645.0	160.0	16000.0	35936.5	216548.5	2
190	74.4	421815.6	190.0	19000.0	53576.6	349049.0	5
200	91.5	552960.5	200.0	20000.0	70832.83333333333	461927.6666666667	6
205	62.0	401744.2	204.0	20400.0	48465.2	332675.0	5
207	49.0	338727.1666666667	206.0	20600.0	38501.833333333336	279419.3333333333	6
210	63.9	432455.8	210.0	21000.0	50775.7	360470.1	10
211	60.666666666666664	401265.6666666667	210.0	21000.0	48561.333333333336	331494.3333333333	3
212	23.5	186207.0	212.0	21200.0	17465.5	147329.5	2
213	47.5	344511.25	212.0	21200.0	37326.75	285772.5	4
214	67.14285714285714	464880.0	214.0	21400.0	55345.0	387921.0	7
215	57.0	399773.0	214.0	21400.0	46004.0	332155.0	1
220	95.8	683655.4	220.0	22000.0	83122.8	578312.6	10
225	92.8	673612.0	224.0	22400.0	80771.8	570216.2	5
230	62.0	505689.8333333333	230.0	23000.0	55989.833333333336	426470.0	6
235	71.5	581483.6666666666	234.0	23400.0	65356.833333333336	492492.8333333333	6
240	68.57142857142857	580624.2857142857	240.0	24000.0	63777.42857142857	492606.85714285716	7
245	84.0	730154.0	244.0	24400.0	80972.0	624538.0	2
