pop	gen	nfe	initnfe	lsnfe	rmnfe	bmnfe	successes
70	97.0	96420.28571428571	70.0	7000.0	24587.428571428572	64762.857142857145	7
100	50.0	100025.57142857143	100.0	10000.0	17436.428571428572	72489.14285714286	7
105	84.9	166625.5	104.0	10400.0	32337.9	123783.6	10
106	64.9	135893.5	106.0	10600.0	24332.0	100855.5	10
107	51.5	110727.0	106.0	10600.0	19318.5	80702.5	10
110	51.9	116595.7	110.0	11000.0	20071.9	85413.8	10
111	63.2	141328.4	110.0	11000.0	24946.2	105272.2	10
112	52.7	124586.6	112.0	11200.0	20984.1	92290.5	10
113	48.9	117504.2	112.0	11200.0	19452.5	86739.7	10
114	63.7	149994.3	114.0	11400.0	25918.0	112562.3	10
115	72.7	169333.8	114.0	11400.0	30749.4	127070.4	10
120	60.1	157474.9	120.0	12000.0	26494.5	118860.4	10
125	63.3	173290.1	124.0	12400.0	28301.0	132465.1	10
130	43.9	135261.2	130.0	13000.0	20228.5	101902.7	10
135	40.1	132920.1	134.0	13400.0	19052.9	100333.2	10
140	59.7	205772.2	140.0	14000.0	31655.9	159976.3	10
145	30.0	123223.5	144.0	14400.0	15489.0	93190.5	2
150	51.4	200655.8	150.0	15000.0	27907.9	157597.9	10
155	40.4	169762.1	154.0	15400.0	22654.6	131553.5	10
160	50.5	220699.1	160.0	16000.0	30138.9	174400.2	10
