pop	gen	nfe	initnfe	lsnfe	rmnfe	bmnfe	successes
100	66.57142857142857	119788.0	100.0	10000.0	23279.285714285714	86408.71428571429	7
105	51.0	98696.5	104.0	10400.0	17537.5	70655.0	2
110	91.0	181839.16666666666	110.0	11000.0	36630.0	134099.16666666666	6
115	58.125	133565.5	114.0	11400.0	23287.375	98764.125	8
116	121.0	248191.5	116.0	11600.0	53882.5	182593.0	2
117	88.33333333333333	187233.33333333334	116.0	11600.0	38796.333333333336	136721.0	3
118	70.2	163160.1	118.0	11800.0	29263.0	121979.1	10
119	76.3	176385.4	118.0	11800.0	32314.2	132153.2	10
120	54.2	135110.8	120.0	12000.0	23190.8	99800.0	10
121	53.2	133504.3	120.0	12000.0	22848.3	98536.0	10
122	48.333333333333336	129036.66666666667	122.0	12200.0	20501.0	96213.66666666667	3
123	66.28571428571429	164705.2857142857	122.0	12200.0	29369.428571428572	123013.85714285714	7
124	70.0	175919.3	124.0	12400.0	31192.0	132203.3	10
125	58.3	149229.3	124.0	12400.0	26040.7	110664.6	10
130	60.4	170139.4	130.0	13000.0	28218.4	128791.0	10
135	71.3	206555.7	134.0	13400.0	34412.8	158608.9	10
140	56.8	181738.8	140.0	14000.0	28507.1	139091.7	10
145	69.5	227217.0	144.0	14400.0	36978.8	175694.2	10
150	49.1	182108.3	150.0	15000.0	26143.1	140815.2	10
155	50.7	193066.4	154.0	15400.0	28640.6	148871.8	10
160	58.666666666666664	238276.66666666666	160.0	16000.0	35852.666666666664	186264.0	3
190	32.4	191056.6	190.0	19000.0	22600.7	149265.9	10
