pop	gen	nfe	initnfe	lsnfe	rmnfe	bmnfe	successes
25	154.0	31318.0	24.0	2400.0	14988.0	13906.0	1
30	127.85714285714286	35996.0	30.0	3000.0	15965.857142857143	17000.14285714286	7
40	124.8	51435.0	40.0	4000.0	19334.2	28060.8	10
45	99.5	48589.5	44.0	4400.0	16506.5	27639.0	2
46	86.1	44270.9	46.0	4600.0	13919.0	25705.9	10
47	76.7	40177.5	46.0	4600.0	12262.0	23269.5	10
48	75.44444444444444	43264.333333333336	48.0	4800.0	13110.222222222223	25306.11111111111	9
49	98.9	55132.1	48.0	4800.0	17501.6	32782.5	10
50	79.3	47151.4	50.0	5000.0	14114.0	27987.4	10
51	102.8	59982.4	50.0	5000.0	18518.8	36413.6	10
52	94.4	59964.6	52.0	5200.0	17699.9	37012.7	10
53	57.7	38921.2	52.0	5200.0	10307.3	23361.9	10
54	95.5	62629.7	54.0	5400.0	18253.7	38922.0	10
55	78.8	53271.8	54.0	5400.0	14603.8	33214.0	10
60	73.8	58681.0	60.0	6000.0	15441.8	37179.2	10
65	74.4	64331.4	64.0	6400.0	16512.3	41355.1	10
70	64.6	66960.4	70.0	7000.0	15325.0	44565.4	10
100	34.2	71998.7	100.0	10000.0	11533.1	50365.6	10
130	28.0	94147.0	130.0	13000.0	12482.7	68534.3	10
