pop	gen	nfe	initnfe	lsnfe	rmnfe	bmnfe	successes
75	104.0	118538.33333333333	74.0	7400.0	26779.0	84285.33333333333	3
76	124.0	141408.33333333334	76.0	7600.0	34245.666666666664	99486.66666666667	6
77	127.5	146413.0	76.0	7600.0	36737.0	102000.0	2
78	86.5	105898.5	78.0	7800.0	22809.0	75211.5	2
79	81.9	101532.0	78.0	7800.0	22571.2	71082.8	10
80	96.0	122842.0	80.0	8000.0	27624.4	87137.6	10
81	118.5	144108.0	80.0	8000.0	34121.5	101906.5	2
84	85.875	119205.75	84.0	8400.0	25200.875	85520.875	8
85	109.6	148013.0	84.0	8400.0	33299.0	106230.0	5
90	104.66666666666667	160059.22222222222	90.0	9000.0	34811.444444444445	116157.77777777778	9
95	65.8	116315.2	94.0	9400.0	21721.2	85100.0	5
100	80.3	150232.9	100.0	10000.0	28450.2	111682.7	10
105	70.4	146324.7	104.0	10400.0	26772.7	109048.0	10
110	98.9	213788.2	110.0	11000.0	41583.7	161094.5	10
115	73.9	175248.3	114.0	11400.0	31040.7	132693.6	10
120	66.66666666666667	174137.33333333334	120.0	12000.0	29688.666666666668	132328.66666666666	3
125	74.0	203173.7	124.0	12400.0	33515.9	157133.8	10
130	55.1	171945.1	130.0	13000.0	25998.1	132817.0	10
160	68.7	296194.7	160.0	16000.0	42177.9	237856.8	10
190	48.9	298284.8	190.0	19000.0	35993.4	243101.4	10
