pop	gen	nfe	initnfe	lsnfe	rmnfe	bmnfe	successes
40	191.0	76242.0	40.0	4000.0	30801.0	41401.0	1
70	102.1	95768.2	70.0	7000.0	25534.3	63163.9	10
71	69.3	69014.2	70.0	7000.0	16880.9	45063.3	10
72	84.88888888888889	86594.88888888889	72.0	7200.0	21489.777777777777	57833.11111111111	9
73	90.4	90620.8	72.0	7200.0	22678.5	60670.3	10
74	103.5	106733.7	74.0	7400.0	27252.4	72007.3	10
75	80.6	85297.3	74.0	7400.0	20850.9	56972.4	10
76	80.4	88682.5	76.0	7600.0	21879.0	59127.5	10
77	65.5	73172.7	76.0	7600.0	16676.6	48820.1	10
78	61.9	73546.1	78.0	7800.0	16623.4	49044.7	10
79	69.7	81384.8	78.0	7800.0	18805.4	54701.4	10
80	93.0	109752.6	80.0	8000.0	26427.8	75244.8	10
85	80.3	106531.1	84.0	8400.0	24073.0	73974.1	10
90	87.8	125010.6	90.0	9000.0	28087.5	87833.1	10
95	59.1	96045.0	94.0	9400.0	18905.5	67645.5	10
100	46.6	88332.0	100.0	10000.0	15765.9	62466.1	10
105	59.4	113517.7	104.0	10400.0	21273.7	81740.0	10
110	62.4	128537.5	110.0	11000.0	24007.0	93420.5	10
115	56.3	126076.9	114.0	11400.0	22492.4	92070.5	10
120	52.3	129439.8	120.0	12000.0	21786.5	95533.3	10
125	57.4	147669.7	124.0	12400.0	25212.4	109933.3	10
130	52.5	149944.7	130.0	13000.0	24443.8	112370.9	10
